Workbook

Sheet pesos VGBLs
A1: Ativo | B1: Port | C1: =SUM(B2:B68) -> 0.9105 | E1: Ativo | F1: Peso Carteira | G1: =SUM(F2:F74) -> 0.99972515
A2: ='pesos FIA'!A2 -> LOGG3 | B2: ='pesos FIA'!B2 -> 0.01 | E2: =A2 -> LOGG3 | F2: =(1-$F$72-$F$73-$F$74)*B2 -> 0.005497 | K2: =VLOOKUP(A2,'[1]29 - FIA'!$A$9:$B$219,2,0) -> 0.01 | L2: =K2=B2 -> TRUE
A3: ='pesos FIA'!A3 -> FIQE3 | B3: ='pesos FIA'!B3 -> 0.011 | E3: =A3 -> FIQE3 | F3: =(1-$F$72-$F$73-$F$74)*B3 -> 0.0060467 | K3: =VLOOKUP(A3,'[1]29 - FIA'!$A$9:$B$219,2,0) -> 0.011 | L3: =K3=B3 -> TRUE
A4: ='pesos FIA'!A4 -> BMGB4 | B4: ='pesos FIA'!B4 -> 0.012 | E4: =A4 -> BMGB4 | F4: =(1-$F$72-$F$73-$F$74)*B4 -> 0.0065964 | K4: =VLOOKUP(A4,'[1]29 - FIA'!$A$9:$B$219,2,0) -> 0.012 | L4: =K4=B4 -> TRUE
A5: ='pesos FIA'!A5 -> WIZC3 | B5: ='pesos FIA'!B5 -> 0.013 | E5: =A5 -> WIZC3 | F5: =(1-$F$72-$F$73-$F$74)*B5 -> 0.0071461 | K5: =VLOOKUP(A5,'[1]29 - FIA'!$A$9:$B$219,2,0) -> 0.013 | L5: =K5=B5 -> TRUE
A6: ='pesos FIA'!A6 -> JHSF3 | B6: ='pesos FIA'!B6 -> 0.009 | E6: =A6 -> JHSF3 | F6: =(1-$F$72-$F$73-$F$74)*B6 -> 0.0049473 | K6: =VLOOKUP(A6,'[1]29 - FIA'!$A$9:$B$219,2,0) -> 0.009 | L6: =K6=B6 -> TRUE
A7: ='pesos FIA'!A7 -> ALLD3 | B7: ='pesos FIA'!B7 -> 0.007 | E7: =A7 -> ALLD3 | F7: =(1-$F$72-$F$73-$F$74)*B7 -> 0.0038479 | K7: =VLOOKUP(A7,'[1]29 - FIA'!$A$9:$B$219,2,0) -> 0.007 | L7: =K7=B7 -> TRUE
A8: ='pesos FIA'!A8 -> RIAA3 | B8: ='pesos FIA'!B8 -> 0.01 | E8: =A8 -> RIAA3 | F8: =(1-$F$72-$F$73-$F$74)*B8 -> 0.005497 | K8: =VLOOKUP(A8,'[1]29 - FIA'!$A$9:$B$219,2,0) -> 0.01 | L8: =K8=B8 -> TRUE
A9: ='pesos FIA'!A9 -> GRND3 | B9: ='pesos FIA'!B9 -> 0.012 | E9: =A9 -> GRND3 | F9: =(1-$F$72-$F$73-$F$74)*B9 -> 0.0065964 | K9: =VLOOKUP(A9,'[1]29 - FIA'!$A$9:$B$219,2,0) -> 0.012 | L9: =K9=B9 -> TRUE
A10: ='pesos FIA'!A10 -> HBRE3 | B10: ='pesos FIA'!B10 -> 0.008 | E10: =A10 -> HBRE3 | F10: =(1-$F$72-$F$73-$F$74)*B10 -> 0.0043976 | K10: =VLOOKUP(A10,'[1]29 - FIA'!$A$9:$B$219,2,0) -> 0.008 | L10: =K10=B10 -> TRUE
A11: ='pesos FIA'!A11 -> POMO3 | B11: ='pesos FIA'!B11 -> 0.009 | E11: =A11 -> POMO3 | F11: =(1-$F$72-$F$73-$F$74)*B11 -> 0.0049473 | K11: =VLOOKUP(A11,'[1]29 - FIA'!$A$9:$B$219,2,0) -> 0.009 | L11: =K11=B11 -> TRUE
A12: ='pesos FIA'!A12 -> MTRE3 | B12: ='pesos FIA'!B12 -> 0.017 | E12: =A12 -> MTRE3 | F12: =(1-$F$72-$F$73-$F$74)*B12 -> 0.0093449 | K12: =VLOOKUP(A12,'[1]29 - FIA'!$A$9:$B$219,2,0) -> 0.017 | L12: =K12=B12 -> TRUE
A13: ='pesos FIA'!A13 -> MLAS3 | B13: ='pesos FIA'!B13 -> 0.006 | E13: =A13 -> MLAS3 | F13: =(1-$F$72-$F$73-$F$74)*B13 -> 0.0032982 | K13: =VLOOKUP(A13,'[1]29 - FIA'!$A$9:$B$219,2,0) -> 0.006 | L13: =K13=B13 -> TRUE
... A64: ='pesos FIA'!A64 -> TRIS3 | B64: ='pesos FIA'!B64 -> 0.004 | E64: =A64 -> TRIS3 | F64: =(1-$F$72-$F$73-$F$74)*B64 -> 0.0021988 | K64: =VLOOKUP(A64,'[1]29 - FIA'!$A$9:$B$219,2,0) -> 0.004 | L64: =K64=B64 -> TRUE
A65: ='pesos FIA'!A65 -> CMIG3 | B65: ='pesos FIA'!B65 -> 0.018 | E65: CMIG4 | F65: =(1-$F$72-$F$73-$F$74)*B65 -> 0.0098946 | K65: =VLOOKUP(A65,'[1]29 - FIA'!$A$9:$B$219,2,0) -> 0.018 | L65: =K65=B65 -> TRUE
A66: ='pesos FIA'!A66 -> ITUB3 | B66: ='pesos FIA'!B66 -> 0.025 | E66: =A66 -> ITUB3 | F66: =(1-$F$72-$F$73-$F$74)*B66 -> 0.0137425 | K66: =VLOOKUP(A66,'[1]29 - FIA'!$A$9:$B$219,2,0) -> 0.025 | L66: =K66=B66 -> TRUE
A67: ='pesos FIA'!A67 -> SAUD3 | B67: ='pesos FIA'!B67 -> 0.01 | E67: =A67 -> SAUD3 | F67: =(1-$F$72-$F$73-$F$74)*B67 -> 0.005497 | K67: =VLOOKUP(A67,'[1]29 - FIA'!$A$9:$B$219,2,0) -> 0.01 | L67: =K67=B67 -> TRUE
A68: ='pesos FIA'!A68 -> TAEE4 | B68: ='pesos FIA'!B68 -> 0.005 | E68: =A68 -> TAEE4 | F68: =(1-$F$72-$F$73-$F$74)*B68 -> 0.0027485 | K68: =VLOOKUP(A68,'[1]29 - FIA'!$A$9:$B$219,2,0) -> 0.005 | L68: =K68=B68 -> TRUE
A69: ='pesos FIA'!A69 -> CPLE3 | B69: ='pesos FIA'!B69 -> 0.007 | E69: =A69 -> CPLE3 | F69: =(1-$F$72-$F$73-$F$74)*B69 -> 0.0038479 | K69: =VLOOKUP(A69,'[1]29 - FIA'!$A$9:$B$219,2,0) -> 0.007 | L69: =K69=B69 -> TRUE
A70: ='pesos FIA'!A70 -> ITUB4 | B70: ='pesos FIA'!B70 -> 0.022 | E70: =A70 -> ITUB4 | F70: =(1-$F$72-$F$73-$F$74)*B70 -> 0.0120934 | K70: =VLOOKUP(A70,'[1]29 - FIA'!$A$9:$B$219,2,0) -> 0.022 | L70: =K70=B70 -> TRUE
A71: ='pesos FIA'!A71 -> VALE3 | B71: ='pesos FIA'!B71 -> 0.06 | E71: =A71 -> VALE3 | F71: =(1-$F$72-$F$73-$F$74)*B71 -> 0.032982 | K71: =VLOOKUP(A71,'[1]29 - FIA'!$A$9:$B$219,2,0) -> 0.06 | L71: =K71=B71 -> TRUE
A72: ='pesos FIA'!A72 -> 0 | B72: ='pesos FIA'!B72 -> 0 | E72: BOVA11 | F72: 0.375
A73: ='pesos FIA'!A73 -> 0 | B73: ='pesos FIA'!B73 -> 0 | E73: DIVO11 | F73: 0.075
A74: ='pesos FIA'!A74 -> 0 | B74: ='pesos FIA'!B74 -> 0 | E74: BRL Curncy | F74: 0.0003
A75: ='pesos FIA'!A75 -> 0 | B75: ='pesos FIA'!B75 -> 0
A76: ='pesos FIA'!A76 -> 0 | B76: ='pesos FIA'!B76 -> 0
A77: ='pesos FIA'!A77 -> 0 | B77: ='pesos FIA'!B77 -> 0
A78: ='pesos FIA'!A78 -> 0 | B78: ='pesos FIA'!B78 -> 0
A79: ='pesos FIA'!A79 -> 0 | B79: ='pesos FIA'!B79 -> 0
A80: ='pesos FIA'!A80 -> 0 | B80: ='pesos FIA'!B80 -> 0
A81: ='pesos FIA'!A81 -> 0 | B81: ='pesos FIA'!B81 -> 0
A82: ='pesos FIA'!A82 -> 0 | B82: ='pesos FIA'!B82 -> 0
A83: ='pesos FIA'!A83 -> 0 | B83: ='pesos FIA'!B83 -> 0
A84: ='pesos FIA'!A84 -> 0 | B84: ='pesos FIA'!B84 -> 0
A85: ='pesos FIA'!A85 -> 0 | B85: ='pesos FIA'!B85 -> 0
A86: ='pesos FIA'!A86 -> 0 | B86: ='pesos FIA'!B86 -> 0
... A94: ='pesos FIA'!A94 -> 0 | B94: ='pesos FIA'!B94 -> 0

Sheet pesos FIA
A1: tickers | B1: Peso - Port | C1: =SUM(B2:B71) -> 0.9995 | E1: Ativo | F1: Peso BBG | G1: =SUM(F2:F74) -> 0.99957575 | K1: meta
A2: LOGG3 | B2: 0.01 | E2: =A2 -> LOGG3 | F2: =(1-$F$72-$F$73-$F$74)*B2 -> 0.008485 | K2: =VLOOKUP(A2,'[1]29 - FIA'!$A$9:$B$219,2,0) -> 0.01 | L2: =B2-K2 -> 0 | N2: =CONCATENATE(A2," BZ Equity") -> LOGG3 BZ Equity | O2: =B2 -> 0.01
A3: FIQE3 | B3: 0.011 | E3: =A3 -> FIQE3 | F3: =(1-$F$72-$F$73-$F$74)*B3 -> 0.0093335 | K3: =VLOOKUP(A3,'[1]29 - FIA'!$A$9:$B$219,2,0) -> 0.011 | L3: =B3-K3 -> 0 | N3: =CONCATENATE(A3," BZ Equity") -> FIQE3 BZ Equity | O3: =B3 -> 0.011
A4: BMGB4 | B4: 0.012 | E4: =A4 -> BMGB4 | F4: =(1-$F$72-$F$73-$F$74)*B4 -> 0.010182 | K4: =VLOOKUP(A4,'[1]29 - FIA'!$A$9:$B$219,2,0) -> 0.012 | L4: =B4-K4 -> 0 | N4: =CONCATENATE(A4," BZ Equity") -> BMGB4 BZ Equity | O4: =B4 -> 0.012
A5: WIZC3 | B5: 0.013 | E5: =A5 -> WIZC3 | F5: =(1-$F$72-$F$73-$F$74)*B5 -> 0.0110305 | K5: =VLOOKUP(A5,'[1]29 - FIA'!$A$9:$B$219,2,0) -> 0.013 | L5: =B5-K5 -> 0 | N5: =CONCATENATE(A5," BZ Equity") -> WIZC3 BZ Equity | O5: =B5 -> 0.013
A6: JHSF3 | B6: 0.009 | E6: =A6 -> JHSF3 | F6: =(1-$F$72-$F$73-$F$74)*B6 -> 0.0076365 | K6: =VLOOKUP(A6,'[1]29 - FIA'!$A$9:$B$219,2,0) -> 0.009 | L6: =B6-K6 -> 0 | N6: =CONCATENATE(A6," BZ Equity") -> JHSF3 BZ Equity | O6: =B6 -> 0.009
A7: ALLD3 | B7: 0.007 | E7: =A7 -> ALLD3 | F7: =(1-$F$72-$F$73-$F$74)*B7 -> 0.0059395 | K7: =VLOOKUP(A7,'[1]29 - FIA'!$A$9:$B$219,2,0) -> 0.007 | L7: =B7-K7 -> 0 | N7: =CONCATENATE(A7," BZ Equity") -> ALLD3 BZ Equity | O7: =B7 -> 0.007
A8: RIAA3 | B8: 0.01 | E8: =A8 -> RIAA3 | F8: =(1-$F$72-$F$73-$F$74)*B8 -> 0.008485 | K8: =VLOOKUP(A8,'[1]29 - FIA'!$A$9:$B$219,2,0) -> 0.01 | L8: =B8-K8 -> 0 | N8: =CONCATENATE(A8," BZ Equity") -> RIAA3 BZ Equity | O8: =B8 -> 0.01
A9: GRND3 | B9: 0.012 | E9: =A9 -> GRND3 | F9: =(1-$F$72-$F$73-$F$74)*B9 -> 0.010182 | K9: =VLOOKUP(A9,'[1]29 - FIA'!$A$9:$B$219,2,0) -> 0.012 | L9: =B9-K9 -> 0 | N9: =CONCATENATE(A9," BZ Equity") -> GRND3 BZ Equity | O9: =B9 -> 0.012
A10: HBRE3 | B10: 0.008 | E10: =A10 -> HBRE3 | F10: =(1-$F$72-$F$73-$F$74)*B10 -> 0.006788 | K10: =VLOOKUP(A10,'[1]29 - FIA'!$A$9:$B$219,2,0) -> 0.008 | L10: =B10-K10 -> 0 | N10: =CONCATENATE(A10," BZ Equity") -> HBRE3 BZ Equity | O10: =B10 -> 0.008
A11: POMO3 | B11: 0.009 | E11: =A11 -> POMO3 | F11: =(1-$F$72-$F$73-$F$74)*B11 -> 0.0076365 | K11: =VLOOKUP(A11,'[1]29 - FIA'!$A$9:$B$219,2,0) -> 0.009 | L11: =B11-K11 -> 0 | N11: =CONCATENATE(A11," BZ Equity") -> POMO3 BZ Equity | O11: =B11 -> 0.009
A12: MTRE3 | B12: 0.017 | E12: =A12 -> MTRE3 | F12: =(1-$F$72-$F$73-$F$74)*B12 -> 0.0144245 | K12: =VLOOKUP(A12,'[1]29 - FIA'!$A$9:$B$219,2,0) -> 0.017 | L12: =B12-K12 -> 0 | N12: =CONCATENATE(A12," BZ Equity") -> MTRE3 BZ Equity | O12: =B12 -> 0.017
A13: MLAS3 | B13: 0.006 | E13: =A13 -> MLAS3 | F13: =(1-$F$72-$F$73-$F$74)*B13 -> 0.005091 | K13: =VLOOKUP(A13,'[1]29 - FIA'!$A$9:$B$219,2,0) -> 0.006 | L13: =B13-K13 -> 0 | N13: =CONCATENATE(A13," BZ Equity") -> MLAS3 BZ Equity | O13: =B13 -> 0.006
... A71: VALE3 | B71: 0.06 | E71: =A71 -> VALE3 | F71: =(1-$F$72-$F$73-$F$74)*B71 -> 0.05091 | K71: =VLOOKUP(A71,'[1]29 - FIA'!$A$9:$B$219,2,0) -> 0.06 | L71: =B71-K71 -> 0 | N71: =CONCATENATE(A71," BZ Equity") -> VALE3 BZ Equity | O71: =B71 -> 0.06
E72: BOVA11 | F72: 0.1
E73: BOVV11 | F73: 0.05
E74: BRL Curncy | F74: 0.0015

Sheet pesos vgbl30
A1: Ativo | B1: Port | C1: =SUM(B2:B76) -> 1.0000313 | E1: Ativo | F1: Peso BBG | G1: =SUM(F2:F68) -> 1.0000203 | K1: =SUM(K2:K66) -> 1.0002313 | L1: =SUM(L2:L66) -> 1.0000313
A2: BBAS3 | B2: 0.064 | E2: =A2 -> BBAS3 | F2: =(1-0.35-0.05%)*B2 -> 0.041568 | J2: PETR4 | K2: 0.05286562 | L2: =VLOOKUP(J2,$A$2:$B$66,2,0) -> 0.05286562 | M2: =L2=K2 -> TRUE | O2: =K2*(1-35%-0.05%) -> 0.034336221 | P2: =VLOOKUP(J2,$E$2:$F$68,2,0) -> 0.034336221 | Q2: =P2-O2 -> 0
A3: VALE3 | B3: 0.056 | E3: =A3 -> VALE3 | F3: =(1-0.35-0.05%)*B3 -> 0.036372 | J3: BBAS3 | K3: 0.064 | L3: =VLOOKUP(J3,$A$2:$B$66,2,0) -> 0.064 | M3: =L3=K3 -> TRUE | O3: =K3*(1-35%-0.05%) -> 0.041568 | P3: =VLOOKUP(J3,$E$2:$F$68,2,0) -> 0.041568 | Q3: =P3-O3 -> 0
A4: PETR4 | B4: 0.05286562 | E4: =A4 -> PETR4 | F4: =(1-0.35-0.05%)*B4 -> 0.034336221 | J4: PETR3 | K4: 0.051033346 | L4: =VLOOKUP(J4,$A$2:$B$66,2,0) -> 0.051033346 | M4: =L4=K4 -> TRUE | O4: =K4*(1-35%-0.05%) -> 0.033146158 | P4: =VLOOKUP(J4,$E$2:$F$68,2,0) -> 0.033146158 | Q4: =P4-O4 -> 0
A5: PETR3 | B5: 0.051033346 | E5: =A5 -> PETR3 | F5: =(1-0.35-0.05%)*B5 -> 0.033146158 | J5: VALE3 | K5: 0.056 | L5: =VLOOKUP(J5,$A$2:$B$66,2,0) -> 0.056 | M5: =L5=K5 -> TRUE | O5: =K5*(1-35%-0.05%) -> 0.036372 | P5: =VLOOKUP(J5,$E$2:$F$68,2,0) -> 0.036372 | Q5: =P5-O5 -> 0
A6: ITUB4 | B6: 0.04 | E6: =A6 -> ITUB4 | F6: =(1-0.35-0.05%)*B6 -> 0.02598 | J6: BBDC4 | K6: 0.020931286 | L6: =VLOOKUP(J6,$A$2:$B$66,2,0) -> 0.020931286 | M6: =L6=K6 -> TRUE | O6: =K6*(1-35%-0.05%) -> 0.013594871 | P6: =VLOOKUP(J6,$E$2:$F$68,2,0) -> 0.013594871 | Q6: =P6-O6 -> 0
A7: JBSS3 | B7: 0.03212748 | E7: =A7 -> JBSS3 | F7: =(1-0.35-0.05%)*B7 -> 0.020866798 | J7: JBSS3 | K7: 0.03212748 | L7: =VLOOKUP(J7,$A$2:$B$66,2,0) -> 0.03212748 | M7: =L7=K7 -> TRUE | O7: =K7*(1-35%-0.05%) -> 0.020866798 | P7: =VLOOKUP(J7,$E$2:$F$68,2,0) -> 0.020866798 | Q7: =P7-O7 -> 0
A8: BBSE3 | B8: 0.0295 | E8: =A8 -> BBSE3 | F8: =(1-0.35-0.05%)*B8 -> 0.01916025 | J8: BBDC3 | K8: 0.019598791 | L8: =VLOOKUP(J8,$A$2:$B$66,2,0) -> 0.019598791 | M8: =L8=K8 -> TRUE | O8: =K8*(1-35%-0.05%) -> 0.012729415 | P8: =VLOOKUP(J8,$E$2:$F$68,2,0) -> 0.012729415 | Q8: =P8-O8 -> 0
A9: ELET3 | B9: 0.02342659 | E9: =A9 -> ELET3 | F9: =(1-0.35-0.05%)*B9 -> 0.01521557 | J9: CMIN3 | K9: 0.02095256 | L9: =VLOOKUP(J9,$A$2:$B$66,2,0) -> 0.02095256 | M9: =L9=K9 -> TRUE | O9: =K9*(1-35%-0.05%) -> 0.013608688 | P9: =VLOOKUP(J9,$E$2:$F$68,2,0) -> 0.013608688 | Q9: =P9-O9 -> 0
A10: SBSP3 | B10: 0.021159701 | E10: =A10 -> SBSP3 | F10: =(1-0.35-0.05%)*B10 -> 0.013743226 | J10: CPFE3 | K10: 0.016801849 | L10: =VLOOKUP(J10,$A$2:$B$66,2,0) -> 0.016801849 | M10: =L10=K10 -> TRUE | O10: =K10*(1-35%-0.05%) -> 0.010912801 | P10: =VLOOKUP(J10,$E$2:$F$68,2,0) -> 0.010912801 | Q10: =P10-O10 -> 0
A11: CMIN3 | B11: 0.02095256 | E11: =A11 -> CMIN3 | F11: =(1-0.35-0.05%)*B11 -> 0.013608688 | J11: GGBR4 | K11: 0.0093786291 | L11: =VLOOKUP(J11,$A$2:$B$66,2,0) -> 0.0093786291 | M11: =L11=K11 -> TRUE | O11: =K11*(1-35%-0.05%) -> 0.0060914196 | P11: =VLOOKUP(J11,$E$2:$F$68,2,0) -> 0.0060914196 | Q11: =P11-O11 -> 0
A12: BBDC4 | B12: 0.020931286 | E12: =A12 -> BBDC4 | F12: =(1-0.35-0.05%)*B12 -> 0.013594871 | J12: MRFG3 | K12: 0.020545216 | L12: =VLOOKUP(J12,$A$2:$B$66,2,0) -> 0.020545216 | M12: =L12=K12 -> TRUE | O12: =K12*(1-35%-0.05%) -> 0.013344118 | P12: =VLOOKUP(J12,$E$2:$F$68,2,0) -> 0.013344118 | Q12: =P12-O12 -> 0
A13: MRFG3 | B13: 0.020545216 | E13: =A13 -> MRFG3 | F13: =(1-0.35-0.05%)*B13 -> 0.013344118 | J13: CMIG4 | K13: 0.010291385 | L13: =VLOOKUP(J13,$A$2:$B$66,2,0) -> 0.010291385 | M13: =L13=K13 -> TRUE | O13: =K13*(1-35%-0.05%) -> 0.0066842544 | P13: =VLOOKUP(J13,$E$2:$F$68,2,0) -> 0.0066842544 | Q13: =P13-O13 -> 0
... A66: AGRO3 | B66: 0.0023 | E66: =A66 -> AGRO3 | F66: =(1-0.35-0.05%)*B66 -> 0.00149385 | J66: BMGB4 | K66: 0.0075 | L66: =VLOOKUP(J66,$A$2:$B$66,2,0) -> 0.0075 | M66: =L66=K66 -> TRUE | O66: =K66*(1-35%-0.05%) -> 0.00487125 | P66: =VLOOKUP(J66,$E$2:$F$68,2,0) -> 0.00487125 | Q66: =P66-O66 -> 0
E67: BOVA11 | F67: 0.35
E68: BRL Curncy | F68: 0.0005

Sheet pesos vgbl65
A1: Ativo | B1: Port | C1: =SUM(B2:B74) -> 1.0000313 | E1: Ativo | F1: Peso BBG | G1: 0.99997097
A2: BBAS3 | B2: 0.064 | E2: =A2 -> BBAS3 | F2: =(1-0.35-0.05%)*B2 -> 0.041568 | H2: =VLOOKUP(E2,'pesos vgbl30'!$E$2:$F$68,2,0) -> 0.041568 | I2: =H2=F2 -> TRUE
A3: VALE3 | B3: 0.056 | E3: =A3 -> VALE3 | F3: =(1-0.35-0.05%)*B3 -> 0.036372 | H3: =VLOOKUP(E3,'pesos vgbl30'!$E$2:$F$68,2,0) -> 0.036372 | I3: =H3=F3 -> TRUE
A4: PETR4 | B4: 0.05286562 | E4: =A4 -> PETR4 | F4: =(1-0.35-0.05%)*B4 -> 0.034336221 | H4: =VLOOKUP(E4,'pesos vgbl30'!$E$2:$F$68,2,0) -> 0.034336221 | I4: =H4=F4 -> TRUE
A5: PETR3 | B5: 0.051033346 | E5: =A5 -> PETR3 | F5: =(1-0.35-0.05%)*B5 -> 0.033146158 | H5: =VLOOKUP(E5,'pesos vgbl30'!$E$2:$F$68,2,0) -> 0.033146158 | I5: =H5=F5 -> TRUE
A6: ITUB4 | B6: 0.04 | E6: =A6 -> ITUB4 | F6: =(1-0.35-0.05%)*B6 -> 0.02598 | H6: =VLOOKUP(E6,'pesos vgbl30'!$E$2:$F$68,2,0) -> 0.02598 | I6: =H6=F6 -> TRUE
A7: JBSS3 | B7: 0.03212748 | E7: =A7 -> JBSS3 | F7: =(1-0.35-0.05%)*B7 -> 0.020866798 | H7: =VLOOKUP(E7,'pesos vgbl30'!$E$2:$F$68,2,0) -> 0.020866798 | I7: =H7=F7 -> TRUE
A8: BBSE3 | B8: 0.0295 | E8: =A8 -> BBSE3 | F8: =(1-0.35-0.05%)*B8 -> 0.01916025 | H8: =VLOOKUP(E8,'pesos vgbl30'!$E$2:$F$68,2,0) -> 0.01916025 | I8: =H8=F8 -> TRUE
A9: ELET3 | B9: 0.02342659 | E9: =A9 -> ELET3 | F9: =(1-0.35-0.05%)*B9 -> 0.01521557 | H9: =VLOOKUP(E9,'pesos vgbl30'!$E$2:$F$68,2,0) -> 0.01521557 | I9: =H9=F9 -> TRUE
A10: SBSP3 | B10: 0.021159701 | E10: =A10 -> SBSP3 | F10: =(1-0.35-0.05%)*B10 -> 0.013743226 | H10: =VLOOKUP(E10,'pesos vgbl30'!$E$2:$F$68,2,0) -> 0.013743226 | I10: =H10=F10 -> TRUE
A11: CMIN3 | B11: 0.02095256 | E11: =A11 -> CMIN3 | F11: =(1-0.35-0.05%)*B11 -> 0.013608688 | H11: =VLOOKUP(E11,'pesos vgbl30'!$E$2:$F$68,2,0) -> 0.013608688 | I11: =H11=F11 -> TRUE
A12: BBDC4 | B12: 0.020931286 | E12: =A12 -> BBDC4 | F12: =(1-0.35-0.05%)*B12 -> 0.013594871 | H12: =VLOOKUP(E12,'pesos vgbl30'!$E$2:$F$68,2,0) -> 0.013594871 | I12: =H12=F12 -> TRUE
A13: MRFG3 | B13: 0.020545216 | E13: =A13 -> MRFG3 | F13: =(1-0.35-0.05%)*B13 -> 0.013344118 | H13: =VLOOKUP(E13,'pesos vgbl30'!$E$2:$F$68,2,0) -> 0.013344118 | I13: =H13=F13 -> TRUE
... A66: AGRO3 | B66: 0.0023 | E66: =A66 -> AGRO3 | F66: =(1-0.35-0.05%)*B66 -> 0.00149385 | H66: =VLOOKUP(E66,'pesos vgbl30'!$E$2:$F$68,2,0) -> 0.00149385 | I66: =H66=F66 -> TRUE
E67: BOVA11 | F67: 0.35 | H67: =VLOOKUP(E67,'pesos vgbl30'!$E$2:$F$68,2,0) -> 0.35 | I67: =H67=F67 -> TRUE
E68: BRL Curncy | F68: 0.0005 | H68: =VLOOKUP(E68,'pesos vgbl30'!$E$2:$F$68,2,0) -> 0.0005 | I68: =H68=F68 -> TRUE

Sheet pesos smal
A1: Ativo | B1: Port | C1: =SUM(B:B) -> 0.9995 | E1: Ativo | F1: Peso BBG | G1: =SUM(F:F) -> 0.999751 | J1: meta
A2: JHSF3 | B2: 0.026 | E2: =A2 -> JHSF3 | F2: =(1-$F$66-$F$67)*B2 -> 0.012948 | J2: =VLOOKUP(A2,'[1]35 - SMLL'!$A$9:$B$219,2,0) -> 0.026 | K2: =J2-B2 -> 0
A3: WIZC3 | B3: 0.015 | E3: =A3 -> WIZC3 | F3: =(1-$F$66-$F$67)*B3 -> 0.00747 | J3: =VLOOKUP(A3,'[1]35 - SMLL'!$A$9:$B$219,2,0) -> 0.015 | K3: =J3-B3 -> 0
A4: LOGG3 | B4: 0.018 | E4: =A4 -> LOGG3 | F4: =(1-$F$66-$F$67)*B4 -> 0.008964 | J4: =VLOOKUP(A4,'[1]35 - SMLL'!$A$9:$B$219,2,0) -> 0.018 | K4: =J4-B4 -> 0
A5: FIQE3 | B5: 0.015 | E5: =A5 -> FIQE3 | F5: =(1-$F$66-$F$67)*B5 -> 0.00747 | J5: =VLOOKUP(A5,'[1]35 - SMLL'!$A$9:$B$219,2,0) -> 0.015 | K5: =J5-B5 -> 0
A6: BMGB4 | B6: 0.014 | E6: =A6 -> BMGB4 | F6: =(1-$F$66-$F$67)*B6 -> 0.006972 | J6: =VLOOKUP(A6,'[1]35 - SMLL'!$A$9:$B$219,2,0) -> 0.014 | K6: =J6-B6 -> 0
A7: ALLD3 | B7: 0.011 | E7: =A7 -> ALLD3 | F7: =(1-$F$66-$F$67)*B7 -> 0.005478 | J7: =VLOOKUP(A7,'[1]35 - SMLL'!$A$9:$B$219,2,0) -> 0.011 | K7: =J7-B7 -> 0
A8: RIAA3 | B8: 0.015 | E8: =A8 -> RIAA3 | F8: =(1-$F$66-$F$67)*B8 -> 0.00747 | J8: =VLOOKUP(A8,'[1]35 - SMLL'!$A$9:$B$219,2,0) -> 0.015 | K8: =J8-B8 -> 0
A9: GRND3 | B9: 0.015 | E9: =A9 -> GRND3 | F9: =(1-$F$66-$F$67)*B9 -> 0.00747 | J9: =VLOOKUP(A9,'[1]35 - SMLL'!$A$9:$B$219,2,0) -> 0.015 | K9: =J9-B9 -> 0
A10: HBRE3 | B10: 0.014 | E10: =A10 -> HBRE3 | F10: =(1-$F$66-$F$67)*B10 -> 0.006972 | J10: =VLOOKUP(A10,'[1]35 - SMLL'!$A$9:$B$219,2,0) -> 0.014 | K10: =J10-B10 -> 0
A11: POMO3 | B11: 0.015 | E11: =A11 -> POMO3 | F11: =(1-$F$66-$F$67)*B11 -> 0.00747 | J11: =VLOOKUP(A11,'[1]35 - SMLL'!$A$9:$B$219,2,0) -> 0.015 | K11: =J11-B11 -> 0
A12: MTRE3 | B12: 0.021 | E12: =A12 -> MTRE3 | F12: =(1-$F$66-$F$67)*B12 -> 0.010458 | J12: =VLOOKUP(A12,'[1]35 - SMLL'!$A$9:$B$219,2,0) -> 0.021 | K12: =J12-B12 -> 0
A13: MLAS3 | B13: 0.011 | E13: =A13 -> MLAS3 | F13: =(1-$F$66-$F$67)*B13 -> 0.005478 | J13: =VLOOKUP(A13,'[1]35 - SMLL'!$A$9:$B$219,2,0) -> 0.011 | K13: =J13-B13 -> 0
... A65: CPLE3 | B65: 0.005 | E65: =A65 -> CPLE3 | F65: =(1-$F$66-$F$67)*B65 -> 0.00249 | J65: =VLOOKUP(A65,'[1]35 - SMLL'!$A$9:$B$219,2,0) -> 0.005 | K65: =J65-B65 -> 0
E66: SMAL11 | F66: 0.5
E67: BRL Curncy | F67: 0.002

Sheet pesos dividendos
A1: Ativo | B1: Port | C1: =SUM(B:B) -> 1 | E1: Ativo | F1: Peso BBG | G1: =SUM(F:F) -> 1
A2: WIZC3 | B2: 0.012 | E2: =A2 -> WIZC3 | F2: =(1-$F$73-$F$74-$F$75)*B2 -> 0.005976 | I2: =VLOOKUP(A2,'[1]36 - LP'!$A$9:$B$219,2,0) -> 0.012 | J2: =B2-I2 -> 0
A3: BMGB4 | B3: 0.012 | E3: =A3 -> BMGB4 | F3: =(1-$F$73-$F$74-$F$75)*B3 -> 0.005976 | I3: =VLOOKUP(A3,'[1]36 - LP'!$A$9:$B$219,2,0) -> 0.012 | J3: =B3-I3 -> 0
A4: LOGG3 | B4: 0.01 | E4: =A4 -> LOGG3 | F4: =(1-$F$73-$F$74-$F$75)*B4 -> 0.00498 | I4: =VLOOKUP(A4,'[1]36 - LP'!$A$9:$B$219,2,0) -> 0.01 | J4: =B4-I4 -> 0
A5: FIQE3 | B5: 0.009 | E5: =A5 -> FIQE3 | F5: =(1-$F$73-$F$74-$F$75)*B5 -> 0.004482 | I5: =VLOOKUP(A5,'[1]36 - LP'!$A$9:$B$219,2,0) -> 0.009 | J5: =B5-I5 -> 0
A6: JHSF3 | B6: 0.0125 | E6: =A6 -> JHSF3 | F6: =(1-$F$73-$F$74-$F$75)*B6 -> 0.006225 | I6: =VLOOKUP(A6,'[1]36 - LP'!$A$9:$B$219,2,0) -> 0.0125 | J6: =B6-I6 -> 0
A7: ALLD3 | B7: 0.01 | E7: =A7 -> ALLD3 | F7: =(1-$F$73-$F$74-$F$75)*B7 -> 0.00498 | I7: =VLOOKUP(A7,'[1]36 - LP'!$A$9:$B$219,2,0) -> 0.01 | J7: =B7-I7 -> 0
A8: RIAA3 | B8: 0.008 | E8: =A8 -> RIAA3 | F8: =(1-$F$73-$F$74-$F$75)*B8 -> 0.003984 | I8: =VLOOKUP(A8,'[1]36 - LP'!$A$9:$B$219,2,0) -> 0.008 | J8: =B8-I8 -> 0
A9: GRND3 | B9: 0.012 | E9: =A9 -> GRND3 | F9: =(1-$F$73-$F$74-$F$75)*B9 -> 0.005976 | I9: =VLOOKUP(A9,'[1]36 - LP'!$A$9:$B$219,2,0) -> 0.012 | J9: =B9-I9 -> 0
A10: HBRE3 | B10: 0.007 | E10: =A10 -> HBRE3 | F10: =(1-$F$73-$F$74-$F$75)*B10 -> 0.003486 | I10: =VLOOKUP(A10,'[1]36 - LP'!$A$9:$B$219,2,0) -> 0.007 | J10: =B10-I10 -> 0
A11: POMO3 | B11: 0.01 | E11: =A11 -> POMO3 | F11: =(1-$F$73-$F$74-$F$75)*B11 -> 0.00498 | I11: =VLOOKUP(A11,'[1]36 - LP'!$A$9:$B$219,2,0) -> 0.01 | J11: =B11-I11 -> 0
A12: MTRE3 | B12: 0.015 | E12: =A12 -> MTRE3 | F12: =(1-$F$73-$F$74-$F$75)*B12 -> 0.00747 | I12: =VLOOKUP(A12,'[1]36 - LP'!$A$9:$B$219,2,0) -> 0.015 | J12: =B12-I12 -> 0
A13: MLAS3 | B13: 0.005 | E13: =A13 -> MLAS3 | F13: =(1-$F$73-$F$74-$F$75)*B13 -> 0.00249 | I13: =VLOOKUP(A13,'[1]36 - LP'!$A$9:$B$219,2,0) -> 0.005 | J13: =B13-I13 -> 0
... A72: VALE3 | B72: 0.025 | E72: =A72 -> VALE3 | F72: =(1-$F$73-$F$74-$F$75)*B72 -> 0.01245 | I72: =VLOOKUP(A72,'[1]36 - LP'!$A$9:$B$219,2,0) -> 0.025 | J72: =B72-I72 -> 0
E73: DIVO11 | F73: 0.3
E74: BOVA11 | F74: 0.2
E75: BRL Curncy | F75: 0.002

Sheet pesos ASG
A1: Ativo | B1: Port | C1: =SUM(B:B) -> 1 | E1: Ativo | F1: Peso BBG | G1: =SUM(F:F) -> 1
A2: JHSF3 | B2: 0.005 | E2: =A2 -> JHSF3 | F2: =(1-$F$40-$F$41)*B2 -> 0.002485 | I2: =VLOOKUP(A2,'[1]37 - ISEE'!$A$9:$B$219,2,0) -> 0.005 | J2: =I2=B2 -> TRUE
A3: RIAA3 | B3: 0.016 | E3: =A3 -> RIAA3 | F3: =(1-$F$40-$F$41)*B3 -> 0.007952 | I3: =VLOOKUP(A3,'[1]37 - ISEE'!$A$9:$B$219,2,0) -> 0.016 | J3: =I3=B3 -> TRUE
A4: GRND3 | B4: 0.005 | E4: =A4 -> GRND3 | F4: =(1-$F$40-$F$41)*B4 -> 0.002485 | I4: =VLOOKUP(A4,'[1]37 - ISEE'!$A$9:$B$219,2,0) -> 0.005 | J4: =I4=B4 -> TRUE
A5: MTRE3 | B5: 0.034 | E5: =A5 -> MTRE3 | F5: =(1-$F$40-$F$41)*B5 -> 0.016898 | I5: =VLOOKUP(A5,'[1]37 - ISEE'!$A$9:$B$219,2,0) -> 0.034 | J5: =I5=B5 -> TRUE
A6: BRSR6 | B6: 0.005 | E6: =A6 -> BRSR6 | F6: =(1-$F$40-$F$41)*B6 -> 0.002485 | I6: =VLOOKUP(A6,'[1]37 - ISEE'!$A$9:$B$219,2,0) -> 0.005 | J6: =I6=B6 -> TRUE
A7: MILS3 | B7: 0.027 | E7: =A7 -> MILS3 | F7: =(1-$F$40-$F$41)*B7 -> 0.013419 | I7: =VLOOKUP(A7,'[1]37 - ISEE'!$A$9:$B$219,2,0) -> 0.027 | J7: =I7=B7 -> TRUE
A8: INTB3 | B8: 0.005 | E8: =A8 -> INTB3 | F8: =(1-$F$40-$F$41)*B8 -> 0.002485 | I8: =VLOOKUP(A8,'[1]37 - ISEE'!$A$9:$B$219,2,0) -> 0.005 | J8: =I8=B8 -> TRUE
A9: POMO4 | B9: 0.005 | E9: =A9 -> POMO4 | F9: =(1-$F$40-$F$41)*B9 -> 0.002485 | I9: =VLOOKUP(A9,'[1]37 - ISEE'!$A$9:$B$219,2,0) -> 0.005 | J9: =I9=B9 -> TRUE
A10: OPCT3 | B10: 0.025 | E10: =A10 -> OPCT3 | F10: =(1-$F$40-$F$41)*B10 -> 0.012425 | I10: =VLOOKUP(A10,'[1]37 - ISEE'!$A$9:$B$219,2,0) -> 0.025 | J10: =I10=B10 -> TRUE
A11: ABCB4 | B11: 0.005 | E11: =A11 -> ABCB4 | F11: =(1-$F$40-$F$41)*B11 -> 0.002485 | I11: =VLOOKUP(A11,'[1]37 - ISEE'!$A$9:$B$219,2,0) -> 0.005 | J11: =I11=B11 -> TRUE
A12: LEVE3 | B12: 0.005 | E12: =A12 -> LEVE3 | F12: =(1-$F$40-$F$41)*B12 -> 0.002485 | I12: =VLOOKUP(A12,'[1]37 - ISEE'!$A$9:$B$219,2,0) -> 0.005 | J12: =I12=B12 -> TRUE
A13: ITSA4 | B13: 0.055 | E13: =A13 -> ITSA4 | F13: =(1-$F$40-$F$41)*B13 -> 0.027335 | I13: =VLOOKUP(A13,'[1]37 - ISEE'!$A$9:$B$219,2,0) -> 0.055 | J13: =I13=B13 -> TRUE
... A39: LREN3 | B39: 0.034 | E39: =A39 -> LREN3 | F39: =(1-$F$40-$F$41)*B39 -> 0.016898 | I39: =VLOOKUP(A39,'[1]37 - ISEE'!$A$9:$B$219,2,0) -> 0.034 | J39: =I39=B39 -> TRUE
E40: ISUS11 | F40: 0.5 | I40: =VLOOKUP(A40,'[1]37 - ISEE'!$A$9:$B$219,2,0) -> #N/A | J40: =I40=B40 -> #N/A
E41: BRL Curncy | F41: 0.003 | I41: =VLOOKUP(A41,'[1]37 - ISEE'!$A$9:$B$219,2,0) -> #N/A | J41: =I41=B41 -> #N/A

Sheet pesos PREVI
A1: Ativo | B1: Port | C1: =SUM(B2:B68) -> 0.9105 | E1: Ativo | F1: Peso Carteira | G1: =SUM(F2:F74) -> 0.89977525 | I1: Ativo | J1: Peso BBG | K1: =SUM(J2:J74) -> 0.99994431
A2: ='pesos FIA'!A2 -> LOGG3 | B2: ='pesos FIA'!B2 -> 0.01 | E2: =A2 -> LOGG3 | F2: =(1-$F$72-$F$73-$F$74-$F$75)*B2 -> 0.004495 | I2: =E2 -> LOGG3 | J2: =F2/$G$1 -> 0.004995692 | M2: =VLOOKUP(A2,'[1]29 - FIA'!$A$9:$B$219,2,0) -> 0.01 | N2: =M2=B2 -> TRUE
A3: ='pesos FIA'!A3 -> FIQE3 | B3: ='pesos FIA'!B3 -> 0.011 | E3: =A3 -> FIQE3 | F3: =(1-$F$72-$F$73-$F$74-$F$75)*B3 -> 0.0049445 | I3: =E3 -> FIQE3 | J3: =F3/$G$1 -> 0.0054952612 | M3: =VLOOKUP(A3,'[1]29 - FIA'!$A$9:$B$219,2,0) -> 0.011 | N3: =M3=B3 -> TRUE
A4: ='pesos FIA'!A4 -> BMGB4 | B4: ='pesos FIA'!B4 -> 0.012 | E4: =A4 -> BMGB4 | F4: =(1-$F$72-$F$73-$F$74-$F$75)*B4 -> 0.005394 | I4: =E4 -> BMGB4 | J4: =F4/$G$1 -> 0.0059948304 | M4: =VLOOKUP(A4,'[1]29 - FIA'!$A$9:$B$219,2,0) -> 0.012 | N4: =M4=B4 -> TRUE
A5: ='pesos FIA'!A5 -> WIZC3 | B5: ='pesos FIA'!B5 -> 0.013 | E5: =A5 -> WIZC3 | F5: =(1-$F$72-$F$73-$F$74-$F$75)*B5 -> 0.0058435 | I5: =E5 -> WIZC3 | J5: =F5/$G$1 -> 0.0064943996 | M5: =VLOOKUP(A5,'[1]29 - FIA'!$A$9:$B$219,2,0) -> 0.013 | N5: =M5=B5 -> TRUE
A6: ='pesos FIA'!A6 -> JHSF3 | B6: ='pesos FIA'!B6 -> 0.009 | E6: =A6 -> JHSF3 | F6: =(1-$F$72-$F$73-$F$74-$F$75)*B6 -> 0.0040455 | I6: =E6 -> JHSF3 | J6: =F6/$G$1 -> 0.0044961228 | M6: =VLOOKUP(A6,'[1]29 - FIA'!$A$9:$B$219,2,0) -> 0.009 | N6: =M6=B6 -> TRUE
A7: ='pesos FIA'!A7 -> ALLD3 | B7: ='pesos FIA'!B7 -> 0.007 | E7: =A7 -> ALLD3 | F7: =(1-$F$72-$F$73-$F$74-$F$75)*B7 -> 0.0031465 | I7: =E7 -> ALLD3 | J7: =F7/$G$1 -> 0.0034969844 | M7: =VLOOKUP(A7,'[1]29 - FIA'!$A$9:$B$219,2,0) -> 0.007 | N7: =M7=B7 -> TRUE
A8: ='pesos FIA'!A8 -> RIAA3 | B8: ='pesos FIA'!B8 -> 0.01 | E8: =A8 -> RIAA3 | F8: =(1-$F$72-$F$73-$F$74-$F$75)*B8 -> 0.004495 | I8: =E8 -> RIAA3 | J8: =F8/$G$1 -> 0.004995692 | M8: =VLOOKUP(A8,'[1]29 - FIA'!$A$9:$B$219,2,0) -> 0.01 | N8: =M8=B8 -> TRUE
A9: ='pesos FIA'!A9 -> GRND3 | B9: ='pesos FIA'!B9 -> 0.012 | E9: =A9 -> GRND3 | F9: =(1-$F$72-$F$73-$F$74-$F$75)*B9 -> 0.005394 | I9: =E9 -> GRND3 | J9: =F9/$G$1 -> 0.0059948304 | M9: =VLOOKUP(A9,'[1]29 - FIA'!$A$9:$B$219,2,0) -> 0.012 | N9: =M9=B9 -> TRUE
A10: ='pesos FIA'!A10 -> HBRE3 | B10: ='pesos FIA'!B10 -> 0.008 | E10: =A10 -> HBRE3 | F10: =(1-$F$72-$F$73-$F$74-$F$75)*B10 -> 0.003596 | I10: =E10 -> HBRE3 | J10: =F10/$G$1 -> 0.0039965536 | M10: =VLOOKUP(A10,'[1]29 - FIA'!$A$9:$B$219,2,0) -> 0.008 | N10: =M10=B10 -> TRUE
A11: ='pesos FIA'!A11 -> POMO3 | B11: ='pesos FIA'!B11 -> 0.009 | E11: =A11 -> POMO3 | F11: =(1-$F$72-$F$73-$F$74-$F$75)*B11 -> 0.0040455 | I11: =E11 -> POMO3 | J11: =F11/$G$1 -> 0.0044961228 | M11: =VLOOKUP(A11,'[1]29 - FIA'!$A$9:$B$219,2,0) -> 0.009 | N11: =M11=B11 -> TRUE
A12: ='pesos FIA'!A12 -> MTRE3 | B12: ='pesos FIA'!B12 -> 0.017 | E12: =A12 -> MTRE3 | F12: =(1-$F$72-$F$73-$F$74-$F$75)*B12 -> 0.0076415 | I12: =E12 -> MTRE3 | J12: =F12/$G$1 -> 0.0084926764 | M12: =VLOOKUP(A12,'[1]29 - FIA'!$A$9:$B$219,2,0) -> 0.017 | N12: =M12=B12 -> TRUE
A13: ='pesos FIA'!A13 -> MLAS3 | B13: ='pesos FIA'!B13 -> 0.006 | E13: =A13 -> MLAS3 | F13: =(1-$F$72-$F$73-$F$74-$F$75)*B13 -> 0.002697 | I13: =E13 -> MLAS3 | J13: =F13/$G$1 -> 0.0029974152 | M13: =VLOOKUP(A13,'[1]29 - FIA'!$A$9:$B$219,2,0) -> 0.006 | N13: =M13=B13 -> TRUE
... A64: ='pesos FIA'!A64 -> TRIS3 | B64: ='pesos FIA'!B64 -> 0.004 | E64: =A64 -> TRIS3 | F64: =(1-$F$72-$F$73-$F$74-$F$75)*B64 -> 0.001798 | I64: =E64 -> TRIS3 | J64: =F64/$G$1 -> 0.0019982768 | M64: =VLOOKUP(A64,'[1]29 - FIA'!$A$9:$B$219,2,0) -> 0.004 | N64: =M64=B64 -> TRUE
A65: CMIG4 | B65: ='pesos FIA'!B65 -> 0.018 | E65: =A65 -> CMIG4 | F65: =(1-$F$72-$F$73-$F$74-$F$75)*B65 -> 0.008091 | I65: =E65 -> CMIG4 | J65: =F65/$G$1 -> 0.0089922456 | M65: =VLOOKUP(A65,'[1]29 - FIA'!$A$9:$B$219,2,0) -> 0 | N65: =M65=B65 -> FALSE
A66: ='pesos FIA'!A66 -> ITUB3 | B66: ='pesos FIA'!B66 -> 0.025 | E66: =A66 -> ITUB3 | F66: =(1-$F$72-$F$73-$F$74-$F$75)*B66 -> 0.0112375 | I66: =E66 -> ITUB3 | J66: =F66/$G$1 -> 0.01248923 | M66: =VLOOKUP(A66,'[1]29 - FIA'!$A$9:$B$219,2,0) -> 0.025 | N66: =M66=B66 -> TRUE
A67: ='pesos FIA'!A67 -> SAUD3 | B67: ='pesos FIA'!B67 -> 0.01 | E67: =A67 -> SAUD3 | F67: =(1-$F$72-$F$73-$F$74-$F$75)*B67 -> 0.004495 | I67: =E67 -> SAUD3 | J67: =F67/$G$1 -> 0.004995692 | M67: =VLOOKUP(A67,'[1]29 - FIA'!$A$9:$B$219,2,0) -> 0.01 | N67: =M67=B67 -> TRUE
A68: ='pesos FIA'!A68 -> TAEE4 | B68: ='pesos FIA'!B68 -> 0.005 | E68: =A68 -> TAEE4 | F68: =(1-$F$72-$F$73-$F$74-$F$75)*B68 -> 0.0022475 | I68: =E68 -> TAEE4 | J68: =F68/$G$1 -> 0.002497846 | M68: =VLOOKUP(A68,'[1]29 - FIA'!$A$9:$B$219,2,0) -> 0.005 | N68: =M68=B68 -> TRUE
A69: ='pesos FIA'!A69 -> CPLE3 | B69: ='pesos FIA'!B69 -> 0.007 | E69: =A69 -> CPLE3 | F69: =(1-$F$72-$F$73-$F$74-$F$75)*B69 -> 0.0031465 | I69: =E69 -> CPLE3 | J69: =F69/$G$1 -> 0.0034969844 | M69: =VLOOKUP(A69,'[1]29 - FIA'!$A$9:$B$219,2,0) -> 0.007 | N69: =M69=B69 -> TRUE
A70: ='pesos FIA'!A70 -> ITUB4 | B70: ='pesos FIA'!B70 -> 0.022 | E70: =A70 -> ITUB4 | F70: =(1-$F$72-$F$73-$F$74-$F$75)*B70 -> 0.009889 | I70: =E70 -> ITUB4 | J70: =F70/$G$1 -> 0.010990522 | M70: =VLOOKUP(A70,'[1]29 - FIA'!$A$9:$B$219,2,0) -> 0.022 | N70: =M70=B70 -> TRUE
A71: ='pesos FIA'!A71 -> VALE3 | B71: ='pesos FIA'!B71 -> 0.06 | E71: =A71 -> VALE3 | F71: =(1-$F$72-$F$73-$F$74-$F$75)*B71 -> 0.02697 | I71: =E71 -> VALE3 | J71: =F71/$G$1 -> 0.029974152 | M71: =VLOOKUP(A71,'[1]29 - FIA'!$A$9:$B$219,2,0) -> 0.06 | N71: =M71=B71 -> TRUE
A72: ='pesos FIA'!A72 -> 0 | B72: ='pesos FIA'!B72 -> 0 | E72: BOVA11 | F72: 0.375 | I72: =E72 -> BOVA11 | J72: =F72/$G$1 -> 0.41677074
A73: ='pesos FIA'!A73 -> 0 | B73: ='pesos FIA'!B73 -> 0 | E73: DIVO11 | F73: 0.075 | I73: =E73 -> DIVO11 | J73: =F73/$G$1 -> 0.083354149
A74: ='pesos FIA'!A74 -> 0 | B74: ='pesos FIA'!B74 -> 0 | E74: BRL Curncy | F74: 0.0005 | I74: =E74 -> BRL Curncy | J74: =F74 -> 0.0005
A75: ='pesos FIA'!A75 -> 0 | B75: ='pesos FIA'!B75 -> 0 | E75: Novos Fundos | F75: 0.1
A76: ='pesos FIA'!A76 -> 0 | B76: ='pesos FIA'!B76 -> 0
A77: ='pesos FIA'!A77 -> 0 | B77: ='pesos FIA'!B77 -> 0
A78: ='pesos FIA'!A78 -> 0 | B78: ='pesos FIA'!B78 -> 0
A79: ='pesos FIA'!A79 -> 0 | B79: ='pesos FIA'!B79 -> 0
A80: ='pesos FIA'!A80 -> 0 | B80: ='pesos FIA'!B80 -> 0
A81: ='pesos FIA'!A81 -> 0 | B81: ='pesos FIA'!B81 -> 0
A82: ='pesos FIA'!A82 -> 0 | B82: ='pesos FIA'!B82 -> 0
A83: ='pesos FIA'!A83 -> 0 | B83: ='pesos FIA'!B83 -> 0
A84: ='pesos FIA'!A84 -> 0 | B84: ='pesos FIA'!B84 -> 0
A85: ='pesos FIA'!A85 -> 0 | B85: ='pesos FIA'!B85 -> 0
A86: ='pesos FIA'!A86 -> 0 | B86: ='pesos FIA'!B86 -> 0
A87: ='pesos FIA'!A87 -> 0 | B87: ='pesos FIA'!B87 -> 0
... A211: ='pesos FIA'!A211 -> 0 | B211: ='pesos FIA'!B211 -> 0

Sheet pesos 501
A1: Ativo | B1: Alvo | C1: =SUM(B2:B76) -> 1.0050313 | E1: Ativo | F1: Peso Carteira | G1: =SUM(F2:F69) -> 0.95001404 | I1: Ativo | J1: Peso BBG | K1: =SUM(J2:J69) -> 1
A2: BBAS3 | B2: 0.064 | E2: =A2 -> BBAS3 | F2: =(1-0.55-0.1%)*B2 -> 0.028736 | I2: =E2 -> BBAS3 | J2: =F2/$G$1 -> 0.030247974 | M2: =J2='pesos PREVI'!J2 -> FALSE
A3: VALE3 | B3: 0.056 | E3: =A3 -> VALE3 | F3: =(1-0.55-0.1%)*B3 -> 0.025144 | I3: =E3 -> VALE3 | J3: =F3/$G$1 -> 0.026466977 | M3: =J3='pesos PREVI'!J3 -> FALSE
A4: PETR4 | B4: 0.05286562 | E4: =A4 -> PETR4 | F4: =(1-0.55-0.1%)*B4 -> 0.023736664 | I4: =E4 -> PETR4 | J4: =F4/$G$1 -> 0.024985592 | M4: =J4='pesos PREVI'!J4 -> FALSE
A5: PETR3 | B5: 0.051033346 | E5: =A5 -> PETR3 | F5: =(1-0.55-0.1%)*B5 -> 0.022913972 | I5: =E5 -> PETR3 | J5: =F5/$G$1 -> 0.024119614 | M5: =J5='pesos PREVI'!J5 -> FALSE
A6: ITUB4 | B6: 0.04 | E6: =A6 -> ITUB4 | F6: =(1-0.55-0.1%)*B6 -> 0.01796 | I6: =E6 -> ITUB4 | J6: =F6/$G$1 -> 0.018904984 | M6: =J6='pesos PREVI'!J6 -> FALSE
A7: JBSS3 | B7: 0.03212748 | E7: =A7 -> JBSS3 | F7: =(1-0.55-0.1%)*B7 -> 0.014425238 | I7: =E7 -> JBSS3 | J7: =F7/$G$1 -> 0.015184237 | M7: =J7='pesos PREVI'!J7 -> FALSE
A8: BBSE3 | B8: 0.0295 | E8: =A8 -> BBSE3 | F8: =(1-0.55-0.1%)*B8 -> 0.0132455 | I8: =E8 -> BBSE3 | J8: =F8/$G$1 -> 0.013942426 | M8: =J8='pesos PREVI'!J8 -> FALSE
A9: ELET3 | B9: 0.02342659 | E9: =A9 -> ELET3 | F9: =(1-0.55-0.1%)*B9 -> 0.010518539 | I9: =E9 -> ELET3 | J9: =F9/$G$1 -> 0.011071982 | M9: =J9='pesos PREVI'!J9 -> FALSE
A10: SBSP3 | B10: 0.021159701 | E10: =A10 -> SBSP3 | F10: =(1-0.55-0.1%)*B10 -> 0.0095007056 | I10: =E10 -> SBSP3 | J10: =F10/$G$1 -> 0.010000595 | M10: =J10='pesos PREVI'!J10 -> FALSE
A11: CMIN3 | B11: 0.02095256 | E11: =A11 -> CMIN3 | F11: =(1-0.55-0.1%)*B11 -> 0.0094076993 | I11: =E11 -> CMIN3 | J11: =F11/$G$1 -> 0.009902695 | M11: =J11='pesos PREVI'!J11 -> FALSE
A12: BBDC4 | B12: 0.020931286 | E12: =A12 -> BBDC4 | F12: =(1-0.55-0.1%)*B12 -> 0.0093981476 | I12: =E12 -> BBDC4 | J12: =F12/$G$1 -> 0.0098926407 | M12: =J12='pesos PREVI'!J12 -> FALSE
A13: MRFG3 | B13: 0.020545216 | E13: =A13 -> MRFG3 | F13: =(1-0.55-0.1%)*B13 -> 0.0092248021 | I13: =E13 -> MRFG3 | J13: =F13/$G$1 -> 0.0097101745 | M13: =J13='pesos PREVI'!J13 -> FALSE
... A66: AGRO3 | B66: 0.0023 | E66: =A66 -> AGRO3 | F66: =(1-0.55-0.1%)*B66 -> 0.0010327 | I66: =E66 -> AGRO3 | J66: =F66/$G$1 -> 0.0010870366 | M66: =J66='pesos PREVI'!J66 -> FALSE
A67: ONCO3 | B67: 0.0025 | E67: BOVA11 | F67: 0.4 | I67: =E67 -> BOVA11 | J67: =F67/$G$1 -> 0.42104641 | M67: =J67='pesos PREVI'!J72 -> FALSE
A68: ORVR3 | B68: 0.0025 | E68: DIVO11 | F68: 0.1 | I68: =E68 -> DIVO11 | J68: =F68/$G$1 -> 0.1052616 | M68: =J68='pesos PREVI'!J73 -> FALSE
E69: BRL Curncy | F69: 0.001 | I69: =E69 -> BRL Curncy | J69: =F69/$G$1 -> 0.001052616 | M69: =J69='pesos PREVI'!J74 -> FALSE
