Workbook

Sheet pesos VGBLs
A1: Ativo | B1: Port | C1: =SUM(B2:B71) -> 1 | E1: Ativo | F1: Peso Carteira | G1: =SUM(F2:F74) -> 1
A2: WIZC3 | B2: 0.014 | E2: =A2 -> WIZC3 | F2: =(1-$F$72-$F$73-$F$74)*B2 -> 0.0076958 | N2: =VLOOKUP(A2,'[2]MF (2)'!$A$12:$F$208,6,0) -> 0.0079153143 | O2: =N2=B2 -> FALSE
A3: JHSF3 | B3: 0.011 | E3: =A3 -> JHSF3 | F3: =(1-$F$72-$F$73-$F$74)*B3 -> 0.0060467 | N3: =VLOOKUP(A3,'[2]MF (2)'!$A$12:$F$208,6,0) -> 0.011589752 | O3: =N3=B3 -> FALSE
A4: BMGB4 | B4: 0.01 | E4: =A4 -> BMGB4 | F4: =(1-$F$72-$F$73-$F$74)*B4 -> 0.005497 | N4: =VLOOKUP(A4,'[2]MF (2)'!$A$12:$F$208,6,0) -> 0.0078798325 | O4: =N4=B4 -> FALSE
A5: RIAA3 | B5: 0.009 | E5: =A5 -> RIAA3 | F5: =(1-$F$72-$F$73-$F$74)*B5 -> 0.0049473 | N5: =VLOOKUP(A5,'[2]MF (2)'!$A$12:$F$208,6,0) -> 0.010777839 | O5: =N5=B5 -> FALSE
A6: CSED3 | B6: 0.009 | E6: =A6 -> CSED3 | F6: =(1-$F$72-$F$73-$F$74)*B6 -> 0.0049473 | N6: =VLOOKUP(A6,'[2]MF (2)'!$A$12:$F$208,6,0) -> 0.0097004972 | O6: =N6=B6 -> FALSE
A7: ALLD3 | B7: 0.009 | E7: =A7 -> ALLD3 | F7: =(1-$F$72-$F$73-$F$74)*B7 -> 0.0049473 | N7: =VLOOKUP(A7,'[2]MF (2)'!$A$12:$F$208,6,0) -> 0.013277601 | O7: =N7=B7 -> FALSE
A8: SYNE3 | B8: 0.008 | E8: =A8 -> SYNE3 | F8: =(1-$F$72-$F$73-$F$74)*B8 -> 0.0043976 | N8: =VLOOKUP(A8,'[2]MF (2)'!$A$12:$F$208,6,0) -> 0.0085632273 | O8: =N8=B8 -> FALSE
A9: POMO3 | B9: 0.009 | E9: =A9 -> POMO3 | F9: =(1-$F$72-$F$73-$F$74)*B9 -> 0.0049473 | N9: =VLOOKUP(A9,'[2]MF (2)'!$A$12:$F$208,6,0) -> 0.0084678138 | O9: =N9=B9 -> FALSE
A10: SHUL4 | B10: 0.012 | E10: =A10 -> SHUL4 | F10: =(1-$F$72-$F$73-$F$74)*B10 -> 0.0065964 | N10: =VLOOKUP(A10,'[2]MF (2)'!$A$12:$F$208,6,0) -> 0 | O10: =N10=B10 -> FALSE
A11: FIQE3 | B11: 0.012 | E11: =A11 -> FIQE3 | F11: =(1-$F$72-$F$73-$F$74)*B11 -> 0.0065964 | N11: =VLOOKUP(A11,'[2]MF (2)'!$A$12:$F$208,6,0) -> 0.005 | O11: =N11=B11 -> FALSE
A12: MTRE3 | B12: 0.014 | E12: =A12 -> MTRE3 | F12: =(1-$F$72-$F$73-$F$74)*B12 -> 0.0076958 | N12: =VLOOKUP(A12,'[2]MF (2)'!$A$12:$F$208,6,0) -> 0 | O12: =N12=B12 -> FALSE
A13: BRSR6 | B13: 0.012 | E13: =A13 -> BRSR6 | F13: =(1-$F$72-$F$73-$F$74)*B13 -> 0.0065964 | N13: =VLOOKUP(A13,'[2]MF (2)'!$A$12:$F$208,6,0) -> 0.015783213 | O13: =N13=B13 -> FALSE
... A69: LREN3 | B69: 0.01 | E69: =A69 -> LREN3 | F69: =(1-$F$72-$F$73-$F$74)*B69 -> 0.005497 | N69: =VLOOKUP(A69,'[2]MF (2)'!$A$12:$F$208,6,0) -> 0 | O69: =N69=B69 -> FALSE
A70: ITUB4 | B70: 0.031 | E70: =A70 -> ITUB4 | F70: =(1-$F$72-$F$73-$F$74)*B70 -> 0.0170407
A71: VALE3 | B71: 0.057 | E71: =A71 -> VALE3 | F71: =(1-$F$72-$F$73-$F$74)*B71 -> 0.0313329
E72: BOVA11 | F72: 0.375
E73: DIVO11 | F73: 0.075
E74: BRL Curncy | F74: 0.0003

Sheet pesos FIA
A1: tickers | B1: Peso - Port | C1: =SUM(B2:B72) -> 1 | E1: Ativo | F1: Peso BBG | G1: =SUM(F2:F74) -> 1 | K1: meta
A2: WIZC3 | B2: 0.014 | E2: =A2 -> WIZC3 | F2: =(1-$F$72-$F$73-$F$74)*B2 -> 0.011879 | I2: =VLOOKUP(A2,'[3]29 - FIA'!$A$9:$B$222,2,0) -> 0.014 | J2: =I2=B2 -> TRUE | K2: =VLOOKUP(A2,'[1]29 - FIA'!$A$9:$K$222,11,0) -> 0.014 | L2: =I2-K2 -> 0
A3: JHSF3 | B3: 0.011 | E3: =A3 -> JHSF3 | F3: =(1-$F$72-$F$73-$F$74)*B3 -> 0.0093335 | I3: =VLOOKUP(A3,'[3]29 - FIA'!$A$9:$B$222,2,0) -> 0.011 | J3: =I3=B3 -> TRUE | K3: =VLOOKUP(A3,'[1]29 - FIA'!$A$9:$K$222,11,0) -> 0.011 | L3: =I3-K3 -> 0
A4: BMGB4 | B4: 0.01 | E4: =A4 -> BMGB4 | F4: =(1-$F$72-$F$73-$F$74)*B4 -> 0.008485 | I4: =VLOOKUP(A4,'[3]29 - FIA'!$A$9:$B$222,2,0) -> 0.01 | J4: =I4=B4 -> TRUE | K4: =VLOOKUP(A4,'[1]29 - FIA'!$A$9:$K$222,11,0) -> 0.01 | L4: =I4-K4 -> 0
A5: RIAA3 | B5: 0.009 | E5: =A5 -> RIAA3 | F5: =(1-$F$72-$F$73-$F$74)*B5 -> 0.0076365 | I5: =VLOOKUP(A5,'[3]29 - FIA'!$A$9:$B$222,2,0) -> 0.009 | J5: =I5=B5 -> TRUE | K5: =VLOOKUP(A5,'[1]29 - FIA'!$A$9:$K$222,11,0) -> 0.009 | L5: =I5-K5 -> 0
A6: CSED3 | B6: 0.009 | E6: =A6 -> CSED3 | F6: =(1-$F$72-$F$73-$F$74)*B6 -> 0.0076365 | I6: =VLOOKUP(A6,'[3]29 - FIA'!$A$9:$B$222,2,0) -> 0.009 | J6: =I6=B6 -> TRUE | K6: =VLOOKUP(A6,'[1]29 - FIA'!$A$9:$K$222,11,0) -> 0.009 | L6: =I6-K6 -> 0
A7: ALLD3 | B7: 0.009 | E7: =A7 -> ALLD3 | F7: =(1-$F$72-$F$73-$F$74)*B7 -> 0.0076365 | I7: =VLOOKUP(A7,'[3]29 - FIA'!$A$9:$B$222,2,0) -> 0.009 | J7: =I7=B7 -> TRUE | K7: =VLOOKUP(A7,'[1]29 - FIA'!$A$9:$K$222,11,0) -> 0.008 | L7: =I7-K7 -> 0.001
A8: SYNE3 | B8: 0.008 | E8: =A8 -> SYNE3 | F8: =(1-$F$72-$F$73-$F$74)*B8 -> 0.006788 | I8: =VLOOKUP(A8,'[3]29 - FIA'!$A$9:$B$222,2,0) -> 0.008 | J8: =I8=B8 -> TRUE | K8: =VLOOKUP(A8,'[1]29 - FIA'!$A$9:$K$222,11,0) -> 0.008 | L8: =I8-K8 -> 0
A9: POMO3 | B9: 0.009 | E9: =A9 -> POMO3 | F9: =(1-$F$72-$F$73-$F$74)*B9 -> 0.0076365 | I9: =VLOOKUP(A9,'[3]29 - FIA'!$A$9:$B$222,2,0) -> 0.009 | J9: =I9=B9 -> TRUE | K9: =VLOOKUP(A9,'[1]29 - FIA'!$A$9:$K$222,11,0) -> 0.009 | L9: =I9-K9 -> 0
A10: SHUL4 | B10: 0.012 | E10: =A10 -> SHUL4 | F10: =(1-$F$72-$F$73-$F$74)*B10 -> 0.010182 | I10: =VLOOKUP(A10,'[3]29 - FIA'!$A$9:$B$222,2,0) -> 0.012 | J10: =I10=B10 -> TRUE | K10: =VLOOKUP(A10,'[1]29 - FIA'!$A$9:$K$222,11,0) -> 0.012 | L10: =I10-K10 -> 0
A11: FIQE3 | B11: 0.012 | E11: =A11 -> FIQE3 | F11: =(1-$F$72-$F$73-$F$74)*B11 -> 0.010182 | I11: =VLOOKUP(A11,'[3]29 - FIA'!$A$9:$B$222,2,0) -> 0.012 | J11: =I11=B11 -> TRUE | K11: =VLOOKUP(A11,'[1]29 - FIA'!$A$9:$K$222,11,0) -> 0.012 | L11: =I11-K11 -> 0
A12: MTRE3 | B12: 0.014 | E12: =A12 -> MTRE3 | F12: =(1-$F$72-$F$73-$F$74)*B12 -> 0.011879 | I12: =VLOOKUP(A12,'[3]29 - FIA'!$A$9:$B$222,2,0) -> 0.014 | J12: =I12=B12 -> TRUE | K12: =VLOOKUP(A12,'[1]29 - FIA'!$A$9:$K$222,11,0) -> 0.015 | L12: =I12-K12 -> -0.001
A13: BRSR6 | B13: 0.012 | E13: =A13 -> BRSR6 | F13: =(1-$F$72-$F$73-$F$74)*B13 -> 0.010182 | I13: =VLOOKUP(A13,'[3]29 - FIA'!$A$9:$B$222,2,0) -> 0.012 | J13: =I13=B13 -> TRUE | K13: =VLOOKUP(A13,'[1]29 - FIA'!$A$9:$K$222,11,0) -> 0.012 | L13: =I13-K13 -> 0
... A71: VALE3 | B71: 0.057 | E71: =A71 -> VALE3 | F71: =(1-$F$72-$F$73-$F$74)*B71 -> 0.0483645 | I71: =VLOOKUP(A71,'[3]29 - FIA'!$A$9:$B$222,2,0) -> 0.057 | J71: =I71=B71 -> TRUE | K71: =VLOOKUP(A71,'[1]29 - FIA'!$A$9:$K$222,11,0) -> 0.063 | L71: =I71-K71 -> -0.006
E72: BOVA11 | F72: 0.1
E73: BOVV11 | F73: 0.05
E74: BRL Curncy | F74: 0.0015

Sheet pesos vgbl30
A1: Ativo | B1: Port | C1: =SUM(B2:B76) -> 1.0000313 | E1: Ativo | F1: Peso BBG | G1: =SUM(F2:F68) -> 1.0000203 | K1: =SUM(K2:K66) -> 1.0002313 | L1: =SUM(L2:L66) -> 1.0000313
A2: BBAS3 | B2: 0.064 | E2: =A2 -> BBAS3 | F2: =(1-0.35-0.05%)*B2 -> 0.041568 | J2: PETR4 | K2: 0.05286562 | L2: =VLOOKUP(J2,$A$2:$B$66,2,0) -> 0.05286562 | M2: =L2=K2 -> TRUE | O2: =K2*(1-35%-0.05%) -> 0.034336221 | P2: =VLOOKUP(J2,$E$2:$F$68,2,0) -> 0.034336221 | Q2: =P2-O2 -> 0
A3: VALE3 | B3: 0.056 | E3: =A3 -> VALE3 | F3: =(1-0.35-0.05%)*B3 -> 0.036372 | J3: BBAS3 | K3: 0.064 | L3: =VLOOKUP(J3,$A$2:$B$66,2,0) -> 0.064 | M3: =L3=K3 -> TRUE | O3: =K3*(1-35%-0.05%) -> 0.041568 | P3: =VLOOKUP(J3,$E$2:$F$68,2,0) -> 0.041568 | Q3: =P3-O3 -> 0
A4: PETR4 | B4: 0.05286562 | E4: =A4 -> PETR4 | F4: =(1-0.35-0.05%)*B4 -> 0.034336221 | J4: PETR3 | K4: 0.051033346 | L4: =VLOOKUP(J4,$A$2:$B$66,2,0) -> 0.051033346 | M4: =L4=K4 -> TRUE | O4: =K4*(1-35%-0.05%) -> 0.033146158 | P4: =VLOOKUP(J4,$E$2:$F$68,2,0) -> 0.033146158 | Q4: =P4-O4 -> 0
A5: PETR3 | B5: 0.051033346 | E5: =A5 -> PETR3 | F5: =(1-0.35-0.05%)*B5 -> 0.033146158 | J5: VALE3 | K5: 0.056 | L5: =VLOOKUP(J5,$A$2:$B$66,2,0) -> 0.056 | M5: =L5=K5 -> TRUE | O5: =K5*(1-35%-0.05%) -> 0.036372 | P5: =VLOOKUP(J5,$E$2:$F$68,2,0) -> 0.036372 | Q5: =P5-O5 -> 0
A6: ITUB4 | B6: 0.04 | E6: =A6 -> ITUB4 | F6: =(1-0.35-0.05%)*B6 -> 0.02598 | J6: BBDC4 | K6: 0.020931286 | L6: =VLOOKUP(J6,$A$2:$B$66,2,0) -> 0.020931286 | M6: =L6=K6 -> TRUE | O6: =K6*(1-35%-0.05%) -> 0.013594871 | P6: =VLOOKUP(J6,$E$2:$F$68,2,0) -> 0.013594871 | Q6: =P6-O6 -> 0
A7: JBSS3 | B7: 0.03212748 | E7: =A7 -> JBSS3 | F7: =(1-0.35-0.05%)*B7 -> 0.020866798 | J7: JBSS3 | K7: 0.03212748 | L7: =VLOOKUP(J7,$A$2:$B$66,2,0) -> 0.03212748 | M7: =L7=K7 -> TRUE | O7: =K7*(1-35%-0.05%) -> 0.020866798 | P7: =VLOOKUP(J7,$E$2:$F$68,2,0) -> 0.020866798 | Q7: =P7-O7 -> 0
A8: BBSE3 | B8: 0.0295 | E8: =A8 -> BBSE3 | F8: =(1-0.35-0.05%)*B8 -> 0.01916025 | J8: BBDC3 | K8: 0.019598791 | L8: =VLOOKUP(J8,$A$2:$B$66,2,0) -> 0.019598791 | M8: =L8=K8 -> TRUE | O8: =K8*(1-35%-0.05%) -> 0.012729415 | P8: =VLOOKUP(J8,$E$2:$F$68,2,0) -> 0.012729415 | Q8: =P8-O8 -> 0
A9: ELET3 | B9: 0.02342659 | E9: =A9 -> ELET3 | F9: =(1-0.35-0.05%)*B9 -> 0.01521557 | J9: CMIN3 | K9: 0.02095256 | L9: =VLOOKUP(J9,$A$2:$B$66,2,0) -> 0.02095256 | M9: =L9=K9 -> TRUE | O9: =K9*(1-35%-0.05%) -> 0.013608688 | P9: =VLOOKUP(J9,$E$2:$F$68,2,0) -> 0.013608688 | Q9: =P9-O9 -> 0
A10: SBSP3 | B10: 0.021159701 | E10: =A10 -> SBSP3 | F10: =(1-0.35-0.05%)*B10 -> 0.013743226 | J10: CPFE3 | K10: 0.016801849 | L10: =VLOOKUP(J10,$A$2:$B$66,2,0) -> 0.016801849 | M10: =L10=K10 -> TRUE | O10: =K10*(1-35%-0.05%) -> 0.010912801 | P10: =VLOOKUP(J10,$E$2:$F$68,2,0) -> 0.010912801 | Q10: =P10-O10 -> 0
A11: CMIN3 | B11: 0.02095256 | E11: =A11 -> CMIN3 | F11: =(1-0.35-0.05%)*B11 -> 0.013608688 | J11: GGBR4 | K11: 0.0093786291 | L11: =VLOOKUP(J11,$A$2:$B$66,2,0) -> 0.0093786291 | M11: =L11=K11 -> TRUE | O11: =K11*(1-35%-0.05%) -> 0.0060914196 | P11: =VLOOKUP(J11,$E$2:$F$68,2,0) -> 0.0060914196 | Q11: =P11-O11 -> 0
A12: BBDC4 | B12: 0.020931286 | E12: =A12 -> BBDC4 | F12: =(1-0.35-0.05%)*B12 -> 0.013594871 | J12: MRFG3 | K12: 0.020545216 | L12: =VLOOKUP(J12,$A$2:$B$66,2,0) -> 0.020545216 | M12: =L12=K12 -> TRUE | O12: =K12*(1-35%-0.05%) -> 0.013344118 | P12: =VLOOKUP(J12,$E$2:$F$68,2,0) -> 0.013344118 | Q12: =P12-O12 -> 0
A13: MRFG3 | B13: 0.020545216 | E13: =A13 -> MRFG3 | F13: =(1-0.35-0.05%)*B13 -> 0.013344118 | J13: CMIG4 | K13: 0.010291385 | L13: =VLOOKUP(J13,$A$2:$B$66,2,0) -> 0.010291385 | M13: =L13=K13 -> TRUE | O13: =K13*(1-35%-0.05%) -> 0.0066842544 | P13: =VLOOKUP(J13,$E$2:$F$68,2,0) -> 0.0066842544 | Q13: =P13-O13 -> 0
... A66: AGRO3 | B66: 0.0023 | E66: =A66 -> AGRO3 | F66: =(1-0.35-0.05%)*B66 -> 0.00149385 | J66: BMGB4 | K66: 0.0075 | L66: =VLOOKUP(J66,$A$2:$B$66,2,0) -> 0.0075 | M66: =L66=K66 -> TRUE | O66: =K66*(1-35%-0.05%) -> 0.00487125 | P66: =VLOOKUP(J66,$E$2:$F$68,2,0) -> 0.00487125 | Q66: =P66-O66 -> 0
E67: BOVA11 | F67: 0.35
E68: BRL Curncy | F68: 0.0005

Sheet pesos vgbl65
A1: Ativo | B1: Port | C1: =SUM(B2:B74) -> 1.0000313 | E1: Ativo | F1: Peso BBG | G1: 0.99997097
A2: BBAS3 | B2: 0.064 | E2: =A2 -> BBAS3 | F2: =(1-0.35-0.05%)*B2 -> 0.041568 | H2: =VLOOKUP(E2,'pesos vgbl30'!$E$2:$F$68,2,0) -> 0.041568 | I2: =H2=F2 -> TRUE
A3: VALE3 | B3: 0.056 | E3: =A3 -> VALE3 | F3: =(1-0.35-0.05%)*B3 -> 0.036372 | H3: =VLOOKUP(E3,'pesos vgbl30'!$E$2:$F$68,2,0) -> 0.036372 | I3: =H3=F3 -> TRUE
A4: PETR4 | B4: 0.05286562 | E4: =A4 -> PETR4 | F4: =(1-0.35-0.05%)*B4 -> 0.034336221 | H4: =VLOOKUP(E4,'pesos vgbl30'!$E$2:$F$68,2,0) -> 0.034336221 | I4: =H4=F4 -> TRUE
A5: PETR3 | B5: 0.051033346 | E5: =A5 -> PETR3 | F5: =(1-0.35-0.05%)*B5 -> 0.033146158 | H5: =VLOOKUP(E5,'pesos vgbl30'!$E$2:$F$68,2,0) -> 0.033146158 | I5: =H5=F5 -> TRUE
A6: ITUB4 | B6: 0.04 | E6: =A6 -> ITUB4 | F6: =(1-0.35-0.05%)*B6 -> 0.02598 | H6: =VLOOKUP(E6,'pesos vgbl30'!$E$2:$F$68,2,0) -> 0.02598 | I6: =H6=F6 -> TRUE
A7: JBSS3 | B7: 0.03212748 | E7: =A7 -> JBSS3 | F7: =(1-0.35-0.05%)*B7 -> 0.020866798 | H7: =VLOOKUP(E7,'pesos vgbl30'!$E$2:$F$68,2,0) -> 0.020866798 | I7: =H7=F7 -> TRUE
A8: BBSE3 | B8: 0.0295 | E8: =A8 -> BBSE3 | F8: =(1-0.35-0.05%)*B8 -> 0.01916025 | H8: =VLOOKUP(E8,'pesos vgbl30'!$E$2:$F$68,2,0) -> 0.01916025 | I8: =H8=F8 -> TRUE
A9: ELET3 | B9: 0.02342659 | E9: =A9 -> ELET3 | F9: =(1-0.35-0.05%)*B9 -> 0.01521557 | H9: =VLOOKUP(E9,'pesos vgbl30'!$E$2:$F$68,2,0) -> 0.01521557 | I9: =H9=F9 -> TRUE
A10: SBSP3 | B10: 0.021159701 | E10: =A10 -> SBSP3 | F10: =(1-0.35-0.05%)*B10 -> 0.013743226 | H10: =VLOOKUP(E10,'pesos vgbl30'!$E$2:$F$68,2,0) -> 0.013743226 | I10: =H10=F10 -> TRUE
A11: CMIN3 | B11: 0.02095256 | E11: =A11 -> CMIN3 | F11: =(1-0.35-0.05%)*B11 -> 0.013608688 | H11: =VLOOKUP(E11,'pesos vgbl30'!$E$2:$F$68,2,0) -> 0.013608688 | I11: =H11=F11 -> TRUE
A12: BBDC4 | B12: 0.020931286 | E12: =A12 -> BBDC4 | F12: =(1-0.35-0.05%)*B12 -> 0.013594871 | H12: =VLOOKUP(E12,'pesos vgbl30'!$E$2:$F$68,2,0) -> 0.013594871 | I12: =H12=F12 -> TRUE
A13: MRFG3 | B13: 0.020545216 | E13: =A13 -> MRFG3 | F13: =(1-0.35-0.05%)*B13 -> 0.013344118 | H13: =VLOOKUP(E13,'pesos vgbl30'!$E$2:$F$68,2,0) -> 0.013344118 | I13: =H13=F13 -> TRUE
... A66: AGRO3 | B66: 0.0023 | E66: =A66 -> AGRO3 | F66: =(1-0.35-0.05%)*B66 -> 0.00149385 | H66: =VLOOKUP(E66,'pesos vgbl30'!$E$2:$F$68,2,0) -> 0.00149385 | I66: =H66=F66 -> TRUE
E67: BOVA11 | F67: 0.35 | H67: =VLOOKUP(E67,'pesos vgbl30'!$E$2:$F$68,2,0) -> 0.35 | I67: =H67=F67 -> TRUE
E68: BRL Curncy | F68: 0.0005 | H68: =VLOOKUP(E68,'pesos vgbl30'!$E$2:$F$68,2,0) -> 0.0005 | I68: =H68=F68 -> TRUE

Sheet pesos smal
A1: Ativo | B1: Port | C1: =SUM(B:B) -> 0.9995 | E1: Ativo | F1: Peso BBG | G1: =SUM(F:F) -> 0.999751
A2: JHSF3 | B2: 0.0225 | E2: =A2 -> JHSF3 | F2: =(1-$F$65-$F$66)*B2 -> 0.011205 | I2: =VLOOKUP(E2,'[1]35 - SMLL'!$A$9:$K$222,11,0) -> 0.018 | J2: =B2-I2 -> 0.0045
A3: WIZC3 | B3: 0.016 | E3: =A3 -> WIZC3 | F3: =(1-$F$65-$F$66)*B3 -> 0.007968 | I3: =VLOOKUP(E3,'[1]35 - SMLL'!$A$9:$K$222,11,0) -> 0.016 | J3: =B3-I3 -> 0
A4: CSED3 | B4: 0.014 | E4: =A4 -> CSED3 | F4: =(1-$F$65-$F$66)*B4 -> 0.006972 | I4: =VLOOKUP(E4,'[1]35 - SMLL'!$A$9:$K$222,11,0) -> 0.014 | J4: =B4-I4 -> 0
A5: RIAA3 | B5: 0.013 | E5: =A5 -> RIAA3 | F5: =(1-$F$65-$F$66)*B5 -> 0.006474 | I5: =VLOOKUP(E5,'[1]35 - SMLL'!$A$9:$K$222,11,0) -> 0.013 | J5: =B5-I5 -> 0
A6: BMGB4 | B6: 0.012 | E6: =A6 -> BMGB4 | F6: =(1-$F$65-$F$66)*B6 -> 0.005976 | I6: =VLOOKUP(E6,'[1]35 - SMLL'!$A$9:$K$222,11,0) -> 0.012 | J6: =B6-I6 -> 0
A7: ALLD3 | B7: 0.007 | E7: =A7 -> ALLD3 | F7: =(1-$F$65-$F$66)*B7 -> 0.003486 | I7: =VLOOKUP(E7,'[1]35 - SMLL'!$A$9:$K$222,11,0) -> 0.007 | J7: =B7-I7 -> 0
A8: SYNE3 | B8: 0.012 | E8: =A8 -> SYNE3 | F8: =(1-$F$65-$F$66)*B8 -> 0.005976 | I8: =VLOOKUP(E8,'[1]35 - SMLL'!$A$9:$K$222,11,0) -> 0.012 | J8: =B8-I8 -> 0
A9: POMO3 | B9: 0.013 | E9: =A9 -> POMO3 | F9: =(1-$F$65-$F$66)*B9 -> 0.006474 | I9: =VLOOKUP(E9,'[1]35 - SMLL'!$A$9:$K$222,11,0) -> 0.013 | J9: =B9-I9 -> 0
A10: SHUL4 | B10: 0.013 | E10: =A10 -> SHUL4 | F10: =(1-$F$65-$F$66)*B10 -> 0.006474 | I10: =VLOOKUP(E10,'[1]35 - SMLL'!$A$9:$K$222,11,0) -> 0.013 | J10: =B10-I10 -> 0
A11: FIQE3 | B11: 0.014 | E11: =A11 -> FIQE3 | F11: =(1-$F$65-$F$66)*B11 -> 0.006972 | I11: =VLOOKUP(E11,'[1]35 - SMLL'!$A$9:$K$222,11,0) -> 0.014 | J11: =B11-I11 -> 0
A12: MTRE3 | B12: 0.019 | E12: =A12 -> MTRE3 | F12: =(1-$F$65-$F$66)*B12 -> 0.009462 | I12: =VLOOKUP(E12,'[1]35 - SMLL'!$A$9:$K$222,11,0) -> 0.019 | J12: =B12-I12 -> 0
A13: BRSR6 | B13: 0.02 | E13: =A13 -> BRSR6 | F13: =(1-$F$65-$F$66)*B13 -> 0.00996 | I13: =VLOOKUP(E13,'[1]35 - SMLL'!$A$9:$K$222,11,0) -> 0.014 | J13: =B13-I13 -> 0.006
... A64: CSMG3 | B64: 0.01 | E64: =A64 -> CSMG3 | F64: =(1-$F$65-$F$66)*B64 -> 0.00498 | I64: =VLOOKUP(E64,'[1]35 - SMLL'!$A$9:$K$222,11,0) -> 0 | J64: =B64-I64 -> 0.01
E65: SMAL11 | F65: 0.5
E66: BRL Curncy | F66: 0.002

Sheet pesos dividendos
A1: Ativo | B1: Port | C1: =SUM(B:B) -> 1 | E1: Ativo | F1: Peso BBG | G1: =SUM(F:F) -> 1
A2: WIZC3 | B2: 0.014 | E2: =A2 -> WIZC3 | F2: =(1-$F$73-$F$74-$F$75)*B2 -> 0.006972 | I2: =VLOOKUP(A2,'[1]36 - LP'!$A$9:$K$222,11,0) -> 0.014 | J2: =B2-I2 -> 0
A3: BMGB4 | B3: 0.01 | E3: =A3 -> BMGB4 | F3: =(1-$F$73-$F$74-$F$75)*B3 -> 0.00498 | I3: =VLOOKUP(A3,'[1]36 - LP'!$A$9:$K$222,11,0) -> 0.01 | J3: =B3-I3 -> 0
A4: JHSF3 | B4: 0.009 | E4: =A4 -> JHSF3 | F4: =(1-$F$73-$F$74-$F$75)*B4 -> 0.004482 | I4: =VLOOKUP(A4,'[1]36 - LP'!$A$9:$K$222,11,0) -> 0.009 | J4: =B4-I4 -> 0
A5: RIAA3 | B5: 0.008 | E5: =A5 -> RIAA3 | F5: =(1-$F$73-$F$74-$F$75)*B5 -> 0.003984 | I5: =VLOOKUP(A5,'[1]36 - LP'!$A$9:$K$222,11,0) -> 0.008 | J5: =B5-I5 -> 0
A6: ALLD3 | B6: 0.007 | E6: =A6 -> ALLD3 | F6: =(1-$F$73-$F$74-$F$75)*B6 -> 0.003486 | I6: =VLOOKUP(A6,'[1]36 - LP'!$A$9:$K$222,11,0) -> 0.007 | J6: =B6-I6 -> 0
A7: CSED3 | B7: 0.007 | E7: =A7 -> CSED3 | F7: =(1-$F$73-$F$74-$F$75)*B7 -> 0.003486 | I7: =VLOOKUP(A7,'[1]36 - LP'!$A$9:$K$222,11,0) -> 0.007 | J7: =B7-I7 -> 0
A8: SYNE3 | B8: 0.008 | E8: =A8 -> SYNE3 | F8: =(1-$F$73-$F$74-$F$75)*B8 -> 0.003984 | I8: =VLOOKUP(A8,'[1]36 - LP'!$A$9:$K$222,11,0) -> 0.008 | J8: =B8-I8 -> 0
A9: POMO3 | B9: 0.009 | E9: =A9 -> POMO3 | F9: =(1-$F$73-$F$74-$F$75)*B9 -> 0.004482 | I9: =VLOOKUP(A9,'[1]36 - LP'!$A$9:$K$222,11,0) -> 0.009 | J9: =B9-I9 -> 0
A10: SHUL4 | B10: 0.013 | E10: =A10 -> SHUL4 | F10: =(1-$F$73-$F$74-$F$75)*B10 -> 0.006474 | I10: =VLOOKUP(A10,'[1]36 - LP'!$A$9:$K$222,11,0) -> 0.013 | J10: =B10-I10 -> 0
A11: FIQE3 | B11: 0.01 | E11: =A11 -> FIQE3 | F11: =(1-$F$73-$F$74-$F$75)*B11 -> 0.00498 | I11: =VLOOKUP(A11,'[1]36 - LP'!$A$9:$K$222,11,0) -> 0.01 | J11: =B11-I11 -> 0
A12: MTRE3 | B12: 0.014 | E12: =A12 -> MTRE3 | F12: =(1-$F$73-$F$74-$F$75)*B12 -> 0.006972 | I12: =VLOOKUP(A12,'[1]36 - LP'!$A$9:$K$222,11,0) -> 0.014 | J12: =B12-I12 -> 0
A13: BRSR6 | B13: 0.012 | E13: =A13 -> BRSR6 | F13: =(1-$F$73-$F$74-$F$75)*B13 -> 0.005976 | I13: =VLOOKUP(A13,'[1]36 - LP'!$A$9:$K$222,11,0) -> 0.012 | J13: =B13-I13 -> 0
... A72: VALE3 | B72: 0.033 | E72: =A72 -> VALE3 | F72: =(1-$F$73-$F$74-$F$75)*B72 -> 0.016434 | I72: =VLOOKUP(A72,'[1]36 - LP'!$A$9:$K$222,11,0) -> 0.026 | J72: =B72-I72 -> 0.007
E73: DIVO11 | F73: 0.3
E74: BOVA11 | F74: 0.2
E75: BRL Curncy | F75: 0.002

Sheet pesos ASG
A1: Ativo | B1: Port | C1: =SUM(B:B) -> 1 | E1: Ativo | F1: Peso BBG | G1: =SUM(F:F) -> 1
A2: RIAA3 | B2: 0.016 | E2: =A2 -> RIAA3 | F2: =(1-$F$40-$F$41)*B2 -> 0.007952 | I2: =VLOOKUP(A2,'[1]37 - ISEE'!$A$9:$K$222,11,0) -> 0.016 | J2: =B2-I2 -> 0
A3: JHSF3 | B3: 0.01 | E3: =A3 -> JHSF3 | F3: =(1-$F$40-$F$41)*B3 -> 0.00497 | I3: =VLOOKUP(A3,'[1]37 - ISEE'!$A$9:$K$222,11,0) -> 0 | J3: =B3-I3 -> 0.01
A4: MTRE3 | B4: 0.034 | E4: =A4 -> MTRE3 | F4: =(1-$F$40-$F$41)*B4 -> 0.016898 | I4: =VLOOKUP(A4,'[1]37 - ISEE'!$A$9:$K$222,11,0) -> 0.035 | J4: =B4-I4 -> -0.001
A5: BRSR6 | B5: 0.01 | E5: =A5 -> BRSR6 | F5: =(1-$F$40-$F$41)*B5 -> 0.00497 | I5: =VLOOKUP(A5,'[1]37 - ISEE'!$A$9:$K$222,11,0) -> 0 | J5: =B5-I5 -> 0.01
A6: GRND3 | B6: 0.01 | E6: =A6 -> GRND3 | F6: =(1-$F$40-$F$41)*B6 -> 0.00497 | I6: =VLOOKUP(A6,'[1]37 - ISEE'!$A$9:$K$222,11,0) -> 0 | J6: =B6-I6 -> 0.01
A7: TIMS3 | B7: 0.031 | E7: =A7 -> TIMS3 | F7: =(1-$F$40-$F$41)*B7 -> 0.015407 | I7: =VLOOKUP(A7,'[1]37 - ISEE'!$A$9:$K$222,11,0) -> 0.031 | J7: =B7-I7 -> 0
A8: LEVE3 | B8: 0.01 | E8: =A8 -> LEVE3 | F8: =(1-$F$40-$F$41)*B8 -> 0.00497 | I8: =VLOOKUP(A8,'[1]37 - ISEE'!$A$9:$K$222,11,0) -> 0 | J8: =B8-I8 -> 0.01
A9: ABCB4 | B9: 0.01 | E9: =A9 -> ABCB4 | F9: =(1-$F$40-$F$41)*B9 -> 0.00497 | I9: =VLOOKUP(A9,'[1]37 - ISEE'!$A$9:$K$222,11,0) -> 0 | J9: =B9-I9 -> 0.01
A10: SAPR11 | B10: 0.022 | E10: =A10 -> SAPR11 | F10: =(1-$F$40-$F$41)*B10 -> 0.010934 | I10: =VLOOKUP(A10,'[1]37 - ISEE'!$A$9:$K$222,11,0) -> 0.022 | J10: =B10-I10 -> 0
A11: ODPV3 | B11: 0.018 | E11: =A11 -> ODPV3 | F11: =(1-$F$40-$F$41)*B11 -> 0.008946 | I11: =VLOOKUP(A11,'[1]37 - ISEE'!$A$9:$K$222,11,0) -> 0.018 | J11: =B11-I11 -> 0
A12: CURY3 | B12: 0.01 | E12: =A12 -> CURY3 | F12: =(1-$F$40-$F$41)*B12 -> 0.00497 | I12: =VLOOKUP(A12,'[1]37 - ISEE'!$A$9:$K$222,11,0) -> 0 | J12: =B12-I12 -> 0.01
A13: ALOS3 | B13: 0.049 | E13: =A13 -> ALOS3 | F13: =(1-$F$40-$F$41)*B13 -> 0.024353 | I13: =VLOOKUP(A13,'[1]37 - ISEE'!$A$9:$K$222,11,0) -> 0.049 | J13: =B13-I13 -> 0
... A39: CEAB3 | B39: 0.01 | E39: =A39 -> CEAB3 | F39: =(1-$F$40-$F$41)*B39 -> 0.00497 | I39: =VLOOKUP(A39,'[1]37 - ISEE'!$A$9:$K$222,11,0) -> 0.015 | J39: =B39-I39 -> -0.005
E40: ISUS11 | F40: 0.5
E41: BRL Curncy | F41: 0.003

Sheet pesos PREVI
A1: Ativo | B1: Port | C1: =SUM(B2:B71) -> 1 | E1: Ativo | F1: Peso Carteira | G1: =SUM(F2:F74) -> 0.9 | I1: Ativo | J1: Peso BBG | K1: =SUM(J2:J74) -> 0.99994444
A2: WIZC3 | B2: 0.014 | E2: =A2 -> WIZC3 | F2: =(1-$F$72-$F$73-$F$74-$F$75)*B2 -> 0.006293 | I2: =E2 -> WIZC3 | J2: =F2/$G$1 -> 0.0069922222
A3: JHSF3 | B3: 0.011 | E3: =A3 -> JHSF3 | F3: =(1-$F$72-$F$73-$F$74-$F$75)*B3 -> 0.0049445 | I3: =E3 -> JHSF3 | J3: =F3/$G$1 -> 0.0054938889
A4: BMGB4 | B4: 0.01 | E4: =A4 -> BMGB4 | F4: =(1-$F$72-$F$73-$F$74-$F$75)*B4 -> 0.004495 | I4: =E4 -> BMGB4 | J4: =F4/$G$1 -> 0.0049944444
A5: RIAA3 | B5: 0.009 | E5: =A5 -> RIAA3 | F5: =(1-$F$72-$F$73-$F$74-$F$75)*B5 -> 0.0040455 | I5: =E5 -> RIAA3 | J5: =F5/$G$1 -> 0.004495
A6: CSED3 | B6: 0.009 | E6: =A6 -> CSED3 | F6: =(1-$F$72-$F$73-$F$74-$F$75)*B6 -> 0.0040455 | I6: =E6 -> CSED3 | J6: =F6/$G$1 -> 0.004495
A7: ALLD3 | B7: 0.009 | E7: =A7 -> ALLD3 | F7: =(1-$F$72-$F$73-$F$74-$F$75)*B7 -> 0.0040455 | I7: =E7 -> ALLD3 | J7: =F7/$G$1 -> 0.004495
A8: SYNE3 | B8: 0.008 | E8: =A8 -> SYNE3 | F8: =(1-$F$72-$F$73-$F$74-$F$75)*B8 -> 0.003596 | I8: =E8 -> SYNE3 | J8: =F8/$G$1 -> 0.0039955556
A9: POMO3 | B9: 0.009 | E9: =A9 -> POMO3 | F9: =(1-$F$72-$F$73-$F$74-$F$75)*B9 -> 0.0040455 | I9: =E9 -> POMO3 | J9: =F9/$G$1 -> 0.004495
A10: SHUL4 | B10: 0.012 | E10: =A10 -> SHUL4 | F10: =(1-$F$72-$F$73-$F$74-$F$75)*B10 -> 0.005394 | I10: =E10 -> SHUL4 | J10: =F10/$G$1 -> 0.0059933333
A11: FIQE3 | B11: 0.012 | E11: =A11 -> FIQE3 | F11: =(1-$F$72-$F$73-$F$74-$F$75)*B11 -> 0.005394 | I11: =E11 -> FIQE3 | J11: =F11/$G$1 -> 0.0059933333
A12: MTRE3 | B12: 0.014 | E12: =A12 -> MTRE3 | F12: =(1-$F$72-$F$73-$F$74-$F$75)*B12 -> 0.006293 | I12: =E12 -> MTRE3 | J12: =F12/$G$1 -> 0.0069922222
A13: BRSR6 | B13: 0.012 | E13: =A13 -> BRSR6 | F13: =(1-$F$72-$F$73-$F$74-$F$75)*B13 -> 0.005394 | I13: =E13 -> BRSR6 | J13: =F13/$G$1 -> 0.0059933333
... A71: VALE3 | B71: 0.057 | E71: =A71 -> VALE3 | F71: =(1-$F$72-$F$73-$F$74-$F$75)*B71 -> 0.0256215 | I71: =E71 -> VALE3 | J71: =F71/$G$1 -> 0.028468333
E72: BOVA11 | F72: 0.375 | I72: =E72 -> BOVA11 | J72: =F72/$G$1 -> 0.41666667
E73: DIVO11 | F73: 0.075 | I73: =E73 -> DIVO11 | J73: =F73/$G$1 -> 0.083333333
E74: BRL Curncy | F74: 0.0005 | I74: =E74 -> BRL Curncy | J74: =F74 -> 0.0005
E75: Novos Fundos | F75: 0.1

Sheet pesos 501
A1: Ativo | B1: Alvo | C1: =SUM(B2:B76) -> 1.0050313 | E1: Ativo | F1: Peso Carteira | G1: =SUM(F2:F69) -> 0.95001404 | I1: Ativo | J1: Peso BBG | K1: =SUM(J2:J69) -> 1
A2: BBAS3 | B2: 0.064 | E2: =A2 -> BBAS3 | F2: =(1-0.55-0.1%)*B2 -> 0.028736 | I2: =E2 -> BBAS3 | J2: =F2/$G$1 -> 0.030247974 | M2: =J2='pesos PREVI'!J2 -> FALSE
A3: VALE3 | B3: 0.056 | E3: =A3 -> VALE3 | F3: =(1-0.55-0.1%)*B3 -> 0.025144 | I3: =E3 -> VALE3 | J3: =F3/$G$1 -> 0.026466977 | M3: =J3='pesos PREVI'!J3 -> FALSE
A4: PETR4 | B4: 0.05286562 | E4: =A4 -> PETR4 | F4: =(1-0.55-0.1%)*B4 -> 0.023736664 | I4: =E4 -> PETR4 | J4: =F4/$G$1 -> 0.024985592 | M4: =J4='pesos PREVI'!J4 -> FALSE
A5: PETR3 | B5: 0.051033346 | E5: =A5 -> PETR3 | F5: =(1-0.55-0.1%)*B5 -> 0.022913972 | I5: =E5 -> PETR3 | J5: =F5/$G$1 -> 0.024119614 | M5: =J5='pesos PREVI'!J5 -> FALSE
A6: ITUB4 | B6: 0.04 | E6: =A6 -> ITUB4 | F6: =(1-0.55-0.1%)*B6 -> 0.01796 | I6: =E6 -> ITUB4 | J6: =F6/$G$1 -> 0.018904984 | M6: =J6='pesos PREVI'!J6 -> FALSE
A7: JBSS3 | B7: 0.03212748 | E7: =A7 -> JBSS3 | F7: =(1-0.55-0.1%)*B7 -> 0.014425238 | I7: =E7 -> JBSS3 | J7: =F7/$G$1 -> 0.015184237 | M7: =J7='pesos PREVI'!J7 -> FALSE
A8: BBSE3 | B8: 0.0295 | E8: =A8 -> BBSE3 | F8: =(1-0.55-0.1%)*B8 -> 0.0132455 | I8: =E8 -> BBSE3 | J8: =F8/$G$1 -> 0.013942426 | M8: =J8='pesos PREVI'!J8 -> FALSE
A9: ELET3 | B9: 0.02342659 | E9: =A9 -> ELET3 | F9: =(1-0.55-0.1%)*B9 -> 0.010518539 | I9: =E9 -> ELET3 | J9: =F9/$G$1 -> 0.011071982 | M9: =J9='pesos PREVI'!J9 -> FALSE
A10: SBSP3 | B10: 0.021159701 | E10: =A10 -> SBSP3 | F10: =(1-0.55-0.1%)*B10 -> 0.0095007056 | I10: =E10 -> SBSP3 | J10: =F10/$G$1 -> 0.010000595 | M10: =J10='pesos PREVI'!J10 -> FALSE
A11: CMIN3 | B11: 0.02095256 | E11: =A11 -> CMIN3 | F11: =(1-0.55-0.1%)*B11 -> 0.0094076993 | I11: =E11 -> CMIN3 | J11: =F11/$G$1 -> 0.009902695 | M11: =J11='pesos PREVI'!J11 -> FALSE
A12: BBDC4 | B12: 0.020931286 | E12: =A12 -> BBDC4 | F12: =(1-0.55-0.1%)*B12 -> 0.0093981476 | I12: =E12 -> BBDC4 | J12: =F12/$G$1 -> 0.0098926407 | M12: =J12='pesos PREVI'!J12 -> FALSE
A13: MRFG3 | B13: 0.020545216 | E13: =A13 -> MRFG3 | F13: =(1-0.55-0.1%)*B13 -> 0.0092248021 | I13: =E13 -> MRFG3 | J13: =F13/$G$1 -> 0.0097101745 | M13: =J13='pesos PREVI'!J13 -> FALSE
... A66: AGRO3 | B66: 0.0023 | E66: =A66 -> AGRO3 | F66: =(1-0.55-0.1%)*B66 -> 0.0010327 | I66: =E66 -> AGRO3 | J66: =F66/$G$1 -> 0.0010870366 | M66: =J66='pesos PREVI'!J66 -> FALSE
A67: ONCO3 | B67: 0.0025 | E67: BOVA11 | F67: 0.4 | I67: =E67 -> BOVA11 | J67: =F67/$G$1 -> 0.42104641 | M67: =J67='pesos PREVI'!J72 -> FALSE
A68: ORVR3 | B68: 0.0025 | E68: DIVO11 | F68: 0.1 | I68: =E68 -> DIVO11 | J68: =F68/$G$1 -> 0.1052616 | M68: =J68='pesos PREVI'!J73 -> FALSE
E69: BRL Curncy | F69: 0.001 | I69: =E69 -> BRL Curncy | J69: =F69/$G$1 -> 0.001052616 | M69: =J69='pesos PREVI'!J74 -> FALSE
